"state (bits: RIM,AVA,AVE,AIB)",phi_n2_prelet,phi_n2_let,phi_npr1_prelet,phi_npr1_let
0000,0.10991050548536686,0.03417053419069486,0.13051547310395098,0.06777614344041615
0001,-0.13447016184687502,-0.043326917309617914,-0.13804803097879054,-0.08226644260079088
0010,-0.011247670481489716,-0.0002508999207626476,-0.0003560628295473435,-0.014134140678939125
0011,-0.12648236082303055,-0.0057235336376305415,-0.006684838505074704,-0.018207910573849042
0100,-0.005286139451095553,-0.00033139724383612413,-0.010436116537756487,-0.0034977268267357958
0101,-0.058696252360704616,-0.011422323978959174,-0.04296407526010331,-0.015988821690086027
0110,-0.027903690284389125,-0.006679314192861071,-0.026111786576588723,-0.011361695930020009
0111,-0.03736778723432413,-0.00318189113019161,-0.033870585168048015,-0.004203120962640663
1000,-0.0014638074925155474,-0.006796415516418889,-0.0026432767471357794,-0.0012966043241125341
1001,-0.018905999757393738,-0.0015911212827293547,-0.029220305024247887,-0.008264815965809016
1010,-0.046466289328352596,-0.01017010894996818,-0.03280557301116931,-0.015022872883421762
1011,-0.004924943021957077,-0.004048960687878443,-0.0074705792718496224,-0.002515608981579621
1100,-0.0024617586300594084,-0.0006276518602495162,-0.01818584054987365,-0.026519389001871972
1101,-0.032619433077708135,-0.0008385264773206132,-0.007882038557290673,-0.05507554140276596
1110,-0.09271937646379183,-0.035459665446708644,-0.12048944918229487,-0.06587960217462116
1111,0.07337660164710416,0.021454573122982577,0.1320019982488601,0.056977782560735525
