scope,neuron,group,kind,n_epochs,peak_dFF,peak_time_s,sem_at_peak,snr
one_animal,AIBL,attractant,class,12,-0.1631,14.99,0.0645,2.53
one_animal,AIBL,repellent,class,12,-0.1763,11.62,0.0427,4.13
one_animal,AIBL,control,class,6,0.2176,0.0,0.0587,3.71
one_animal,AIBL,100mM NaCl,stimulus,3,-0.2351,11.62,0.0942,2.5
one_animal,AIBL,e-2 IAA,stimulus,3,0.1176,9.37,0.152,0.77
one_animal,AIBL,e-6 IAA,stimulus,3,0.2041,7.5,0.2308,0.88
one_animal,AIBL,OP50,stimulus,3,-0.4006,14.99,0.1546,2.59
one_animal,AIBL,450mM NaCl,stimulus,3,0.5078,9.37,0.4713,1.08
one_animal,AIBL,1uM ascr#3,stimulus,3,0.4463,2.25,0.4683,0.95
one_animal,AIBL,10mM CuSO4,stimulus,3,-0.2924,14.25,0.1402,2.09
one_animal,AIBL,800mM Sorbitol,stimulus,3,-0.1962,4.87,0.0818,2.4
one_animal,AIBL,Control,stimulus,3,0.4026,11.25,0.1843,2.18
one_animal,AIBL,Fluorescein,stimulus,3,-0.238,9.75,0.0443,5.38
one_animal,AVEL,attractant,class,12,-0.0987,12.0,0.0835,1.18
one_animal,AVEL,repellent,class,12,-0.156,6.75,0.0421,3.7
one_animal,AVEL,control,class,6,0.1772,14.62,0.2825,0.63
one_animal,AVEL,100mM NaCl,stimulus,3,-0.2651,6.0,0.1305,2.03
one_animal,AVEL,e-2 IAA,stimulus,3,0.1953,0.0,0.1331,1.47
one_animal,AVEL,e-6 IAA,stimulus,3,-0.1623,6.37,0.0441,3.68
one_animal,AVEL,OP50,stimulus,3,-0.3762,12.0,0.1695,2.22
one_animal,AVEL,450mM NaCl,stimulus,3,-0.2985,4.5,0.0765,3.9
one_animal,AVEL,1uM ascr#3,stimulus,3,-0.1991,13.87,0.1573,1.27
one_animal,AVEL,10mM CuSO4,stimulus,3,-0.1757,6.75,0.0362,4.85
one_animal,AVEL,800mM Sorbitol,stimulus,3,-0.2242,1.12,0.0443,5.07
one_animal,AVEL,Control,stimulus,3,0.5599,14.25,0.2106,2.66
one_animal,AVEL,Fluorescein,stimulus,3,-0.3426,10.12,0.1355,2.53
one_animal,AVAL,attractant,class,12,-0.1152,14.99,0.0713,1.62
one_animal,AVAL,repellent,class,12,-0.1591,11.25,0.0474,3.36
one_animal,AVAL,control,class,6,0.2264,13.5,0.3067,0.74
one_animal,AVAL,100mM NaCl,stimulus,3,-0.1882,1.87,0.0963,1.95
one_animal,AVAL,e-2 IAA,stimulus,3,-0.1883,14.99,0.0588,3.2
one_animal,AVAL,e-6 IAA,stimulus,3,0.1242,4.87,0.0507,2.45
one_animal,AVAL,OP50,stimulus,3,-0.3349,14.62,0.2036,1.64
one_animal,AVAL,450mM NaCl,stimulus,3,-0.1472,4.5,0.054,2.73
one_animal,AVAL,1uM ascr#3,stimulus,3,-0.1821,13.87,0.0694,2.62
one_animal,AVAL,10mM CuSO4,stimulus,3,-0.3492,14.62,0.127,2.75
one_animal,AVAL,800mM Sorbitol,stimulus,3,0.2558,14.62,0.2518,1.02
one_animal,AVAL,Control,stimulus,3,0.6462,13.5,0.5293,1.22
one_animal,AVAL,Fluorescein,stimulus,3,-0.2925,9.37,0.1416,2.07
one_animal,RIML,attractant,class,12,-0.0826,14.62,0.0661,1.25
one_animal,RIML,repellent,class,12,-0.1407,10.87,0.0459,3.06
one_animal,RIML,control,class,6,0.2484,14.99,0.3418,0.73
one_animal,RIML,100mM NaCl,stimulus,3,-0.1408,4.12,0.0531,2.65
one_animal,RIML,e-2 IAA,stimulus,3,-0.1272,14.99,0.1105,1.15
one_animal,RIML,e-6 IAA,stimulus,3,-0.1297,12.0,0.0196,6.63
one_animal,RIML,OP50,stimulus,3,-0.2063,14.62,0.2403,0.86
one_animal,RIML,450mM NaCl,stimulus,3,-0.1301,14.25,0.0247,5.27
one_animal,RIML,1uM ascr#3,stimulus,3,-0.1546,14.25,0.0527,2.94
one_animal,RIML,10mM CuSO4,stimulus,3,-0.3005,11.62,0.0751,4.0
one_animal,RIML,800mM Sorbitol,stimulus,3,-0.1531,4.87,0.0684,2.24
one_animal,RIML,Control,stimulus,3,0.6941,14.99,0.614,1.13
one_animal,RIML,Fluorescein,stimulus,3,-0.2745,9.0,0.0918,2.99
one_animal,ASEL,attractant,class,12,0.1927,3.37,0.1222,1.58
one_animal,ASEL,repellent,class,12,0.1856,1.87,0.1757,1.06
one_animal,ASEL,control,class,6,-0.3212,13.5,0.1087,2.95
one_animal,ASEL,100mM NaCl,stimulus,3,0.6408,3.0,0.4658,1.38
one_animal,ASEL,e-2 IAA,stimulus,3,-0.2492,9.37,0.0363,6.87
one_animal,ASEL,e-6 IAA,stimulus,3,-0.2424,10.12,0.1425,1.7
one_animal,ASEL,OP50,stimulus,3,0.3495,7.87,0.1202,2.91
one_animal,ASEL,450mM NaCl,stimulus,3,0.6227,7.12,0.4459,1.4
one_animal,ASEL,1uM ascr#3,stimulus,3,-0.2605,5.62,0.1079,2.41
one_animal,ASEL,10mM CuSO4,stimulus,3,0.7292,1.87,0.6586,1.11
one_animal,ASEL,800mM Sorbitol,stimulus,3,0.2594,4.87,0.2236,1.16
one_animal,ASEL,Control,stimulus,3,-0.4157,13.5,0.1733,2.4
one_animal,ASEL,Fluorescein,stimulus,3,-0.4058,14.99,0.0635,6.39
one_animal,ASER,attractant,class,12,-0.1166,13.5,0.0288,4.05
one_animal,ASER,repellent,class,12,1.2211,8.62,0.5519,2.21
one_animal,ASER,control,class,6,0.1288,14.99,0.0398,3.24
one_animal,ASER,100mM NaCl,stimulus,3,-0.187,14.25,0.0193,9.7
one_animal,ASER,e-2 IAA,stimulus,3,-0.1875,14.62,0.0934,2.01
one_animal,ASER,e-6 IAA,stimulus,3,0.1271,5.62,0.1272,1.0
one_animal,ASER,OP50,stimulus,3,-0.1302,14.25,0.0413,3.15
one_animal,ASER,450mM NaCl,stimulus,3,-0.2578,13.12,0.0414,6.22
one_animal,ASER,1uM ascr#3,stimulus,3,1.2559,4.12,0.2962,4.24
one_animal,ASER,10mM CuSO4,stimulus,3,3.9512,8.62,1.0141,3.9
one_animal,ASER,800mM Sorbitol,stimulus,3,0.106,0.0,0.034,3.11
one_animal,ASER,Control,stimulus,3,0.1376,0.37,0.0397,3.47
one_animal,ASER,Fluorescein,stimulus,3,0.1765,14.99,0.0704,2.51
one_animal,AWAL,attractant,class,12,1.4354,6.37,0.5514,2.6
one_animal,AWAL,repellent,class,12,0.8237,14.99,0.6701,1.23
one_animal,AWAL,control,class,6,-0.4862,1.12,0.1249,3.89
one_animal,AWAL,100mM NaCl,stimulus,3,-0.5702,2.62,0.1919,2.97
one_animal,AWAL,e-2 IAA,stimulus,3,3.1713,8.62,0.8171,3.88
one_animal,AWAL,e-6 IAA,stimulus,3,-0.4567,9.37,0.2723,1.68
one_animal,AWAL,OP50,stimulus,3,4.1081,10.87,1.1121,3.69
one_animal,AWAL,450mM NaCl,stimulus,3,2.8863,2.62,2.473,1.17
one_animal,AWAL,1uM ascr#3,stimulus,3,-0.4416,11.62,0.2826,1.56
one_animal,AWAL,10mM CuSO4,stimulus,3,-0.6099,12.0,0.2556,2.39
one_animal,AWAL,800mM Sorbitol,stimulus,3,-0.4721,12.37,0.2946,1.6
one_animal,AWAL,Control,stimulus,3,-0.6964,5.25,0.1913,3.64
one_animal,AWAL,Fluorescein,stimulus,3,-0.453,13.5,0.3331,1.36
one_animal,AWCL,attractant,class,12,-0.1803,14.99,0.0591,3.05
one_animal,AWCL,repellent,class,12,0.2006,0.37,0.0706,2.84
one_animal,AWCL,control,class,6,-0.2239,12.75,0.0423,5.3
one_animal,AWCL,100mM NaCl,stimulus,3,-0.1571,9.37,0.1999,0.79
one_animal,AWCL,e-2 IAA,stimulus,3,-0.2158,14.99,0.0519,4.16
one_animal,AWCL,e-6 IAA,stimulus,3,-0.2511,12.75,0.0732,3.43
one_animal,AWCL,OP50,stimulus,3,-0.2198,14.99,0.0814,2.7
one_animal,AWCL,450mM NaCl,stimulus,3,0.3922,0.37,0.2313,1.7
one_animal,AWCL,1uM ascr#3,stimulus,3,0.2675,0.37,0.1072,2.5
one_animal,AWCL,10mM CuSO4,stimulus,3,0.2025,12.0,0.1734,1.17
one_animal,AWCL,800mM Sorbitol,stimulus,3,0.1739,3.0,0.0815,2.13
one_animal,AWCL,Control,stimulus,3,-0.2919,12.75,0.0538,5.42
one_animal,AWCL,Fluorescein,stimulus,3,0.2502,12.0,0.1053,2.38
all_animals,AIBL,attractant,class,96,-0.1407,12.0,0.0407,3.46
all_animals,AIBL,repellent,class,96,0.1116,14.62,0.0706,1.58
all_animals,AIBL,control,class,48,-0.1354,9.75,0.0555,2.44
all_animals,AIBL,100mM NaCl,stimulus,24,0.0444,7.12,0.1143,0.39
all_animals,AIBL,e-2 IAA,stimulus,24,-0.1092,3.37,0.0302,3.62
all_animals,AIBL,e-6 IAA,stimulus,24,-0.146,12.0,0.0349,4.19
all_animals,AIBL,OP50,stimulus,24,-0.3801,14.99,0.0466,8.16
all_animals,AIBL,450mM NaCl,stimulus,24,0.064,9.37,0.0831,0.77
all_animals,AIBL,1uM ascr#3,stimulus,24,0.1857,14.99,0.1332,1.39
all_animals,AIBL,10mM CuSO4,stimulus,24,0.304,14.62,0.2312,1.31
all_animals,AIBL,800mM Sorbitol,stimulus,24,-0.109,13.12,0.0548,1.99
all_animals,AIBL,Control,stimulus,24,-0.146,9.75,0.053,2.76
all_animals,AIBL,Fluorescein,stimulus,24,-0.1473,14.99,0.1158,1.27
all_animals,AVEL,attractant,class,96,0.0816,13.5,0.076,1.07
all_animals,AVEL,repellent,class,96,0.1579,13.12,0.098,1.61
all_animals,AVEL,control,class,48,-0.084,14.99,0.0547,1.54
all_animals,AVEL,100mM NaCl,stimulus,24,0.1961,13.5,0.2185,0.9
all_animals,AVEL,e-2 IAA,stimulus,24,0.3896,11.25,0.1528,2.55
all_animals,AVEL,e-6 IAA,stimulus,24,-0.1056,14.25,0.0728,1.45
all_animals,AVEL,OP50,stimulus,24,-0.1873,11.62,0.0632,2.96
all_animals,AVEL,450mM NaCl,stimulus,24,-0.0534,12.0,0.0817,0.65
all_animals,AVEL,1uM ascr#3,stimulus,24,0.3354,14.25,0.2949,1.14
all_animals,AVEL,10mM CuSO4,stimulus,24,0.4693,13.87,0.2303,2.04
all_animals,AVEL,800mM Sorbitol,stimulus,24,-0.159,14.25,0.0491,3.24
all_animals,AVEL,Control,stimulus,24,-0.0866,6.37,0.0312,2.78
all_animals,AVEL,Fluorescein,stimulus,24,-0.1363,14.99,0.0751,1.81
all_animals,AVAL,attractant,class,96,-0.0725,12.75,0.0551,1.32
all_animals,AVAL,repellent,class,96,0.2029,14.99,0.1158,1.75
all_animals,AVAL,control,class,48,-0.0777,12.37,0.0931,0.84
all_animals,AVAL,100mM NaCl,stimulus,24,0.1992,4.87,0.1754,1.14
all_animals,AVAL,e-2 IAA,stimulus,24,-0.0991,14.99,0.0724,1.37
all_animals,AVAL,e-6 IAA,stimulus,24,-0.1658,14.99,0.0435,3.81
all_animals,AVAL,OP50,stimulus,24,-0.2352,11.62,0.065,3.62
all_animals,AVAL,450mM NaCl,stimulus,24,0.0974,6.37,0.1043,0.93
all_animals,AVAL,1uM ascr#3,stimulus,24,0.4978,14.99,0.3576,1.39
all_animals,AVAL,10mM CuSO4,stimulus,24,0.3814,6.75,0.2762,1.38
all_animals,AVAL,800mM Sorbitol,stimulus,24,-0.1016,11.25,0.041,2.48
all_animals,AVAL,Control,stimulus,24,-0.0996,12.37,0.0835,1.19
all_animals,AVAL,Fluorescein,stimulus,24,-0.085,14.25,0.169,0.5
all_animals,RIML,attractant,class,96,-0.0577,8.25,0.0468,1.23
all_animals,RIML,repellent,class,96,0.1687,13.87,0.097,1.74
all_animals,RIML,control,class,48,-0.1294,12.37,0.0559,2.31
all_animals,RIML,100mM NaCl,stimulus,24,0.0968,6.0,0.1511,0.64
all_animals,RIML,e-2 IAA,stimulus,24,-0.092,5.62,0.0408,2.26
all_animals,RIML,e-6 IAA,stimulus,24,-0.0748,7.87,0.0428,1.75
all_animals,RIML,OP50,stimulus,24,-0.2082,12.75,0.0634,3.28
all_animals,RIML,450mM NaCl,stimulus,24,0.2717,4.87,0.1685,1.61
all_animals,RIML,1uM ascr#3,stimulus,24,0.225,12.37,0.2147,1.05
all_animals,RIML,10mM CuSO4,stimulus,24,0.3273,13.87,0.2897,1.13
all_animals,RIML,800mM Sorbitol,stimulus,24,-0.0899,12.0,0.0389,2.31
all_animals,RIML,Control,stimulus,24,-0.0592,0.75,0.043,1.38
all_animals,RIML,Fluorescein,stimulus,24,-0.223,10.87,0.0421,5.3
all_animals,ASEL,attractant,class,96,0.2413,3.0,0.0553,4.36
all_animals,ASEL,repellent,class,96,0.1822,2.62,0.0374,4.87
all_animals,ASEL,control,class,48,0.1026,3.37,0.0284,3.61
all_animals,ASEL,100mM NaCl,stimulus,24,0.5474,3.0,0.1443,3.79
all_animals,ASEL,e-2 IAA,stimulus,24,-0.0724,9.37,0.033,2.19
all_animals,ASEL,e-6 IAA,stimulus,24,-0.1108,6.0,0.0329,3.37
all_animals,ASEL,OP50,stimulus,24,0.5468,6.37,0.1425,3.84
all_animals,ASEL,450mM NaCl,stimulus,24,0.5038,7.5,0.1198,4.2
all_animals,ASEL,1uM ascr#3,stimulus,24,-0.1133,11.62,0.0348,3.26
all_animals,ASEL,10mM CuSO4,stimulus,24,0.1437,1.87,0.089,1.61
all_animals,ASEL,800mM Sorbitol,stimulus,24,0.2688,2.62,0.0702,3.83
all_animals,ASEL,Control,stimulus,24,0.0861,3.37,0.0447,1.93
all_animals,ASEL,Fluorescein,stimulus,24,0.1191,3.37,0.0357,3.33
all_animals,ASER,attractant,class,96,0.2948,14.99,0.0767,3.84
all_animals,ASER,repellent,class,96,0.5804,5.25,0.1133,5.12
all_animals,ASER,control,class,48,0.2815,5.25,0.104,2.71
all_animals,ASER,100mM NaCl,stimulus,24,0.161,4.87,0.1082,1.49
all_animals,ASER,e-2 IAA,stimulus,24,0.3571,11.25,0.1945,1.84
all_animals,ASER,e-6 IAA,stimulus,24,0.2797,7.5,0.1388,2.02
all_animals,ASER,OP50,stimulus,24,0.5534,14.99,0.2161,2.56
all_animals,ASER,450mM NaCl,stimulus,24,0.6371,3.75,0.2796,2.28
all_animals,ASER,1uM ascr#3,stimulus,24,0.8895,5.25,0.2131,4.17
all_animals,ASER,10mM CuSO4,stimulus,24,0.814,5.25,0.2933,2.78
all_animals,ASER,800mM Sorbitol,stimulus,24,0.0755,0.0,0.0276,2.73
all_animals,ASER,Control,stimulus,24,0.3434,3.37,0.1589,2.16
all_animals,ASER,Fluorescein,stimulus,24,0.3171,13.5,0.1485,2.13
all_animals,AWAL,attractant,class,96,0.9243,6.37,0.1339,6.9
all_animals,AWAL,repellent,class,96,0.1989,6.37,0.0724,2.75
all_animals,AWAL,control,class,48,0.1138,6.0,0.0536,2.12
all_animals,AWAL,100mM NaCl,stimulus,24,-0.0888,11.62,0.0528,1.68
all_animals,AWAL,e-2 IAA,stimulus,24,1.8581,4.12,0.2472,7.52
all_animals,AWAL,e-6 IAA,stimulus,24,0.1064,7.5,0.0661,1.61
all_animals,AWAL,OP50,stimulus,24,1.9874,6.37,0.2646,7.51
all_animals,AWAL,450mM NaCl,stimulus,24,0.373,3.0,0.3186,1.17
all_animals,AWAL,1uM ascr#3,stimulus,24,-0.1072,11.62,0.0598,1.79
all_animals,AWAL,10mM CuSO4,stimulus,24,0.172,12.37,0.0668,2.58
all_animals,AWAL,800mM Sorbitol,stimulus,24,0.4619,5.62,0.09,5.13
all_animals,AWAL,Control,stimulus,24,-0.0927,11.25,0.0588,1.58
all_animals,AWAL,Fluorescein,stimulus,24,0.2825,6.0,0.0872,3.24
all_animals,AWCL,attractant,class,96,-0.1918,11.62,0.0247,7.77
all_animals,AWCL,repellent,class,96,-0.1539,9.0,0.024,6.41
all_animals,AWCL,control,class,48,-0.2321,14.25,0.0296,7.84
all_animals,AWCL,100mM NaCl,stimulus,24,-0.187,9.37,0.0557,3.36
all_animals,AWCL,e-2 IAA,stimulus,24,-0.2017,4.5,0.0365,5.53
all_animals,AWCL,e-6 IAA,stimulus,24,-0.2065,5.62,0.0392,5.27
all_animals,AWCL,OP50,stimulus,24,-0.2252,7.87,0.0448,5.03
all_animals,AWCL,450mM NaCl,stimulus,24,-0.106,5.62,0.0413,2.57
all_animals,AWCL,1uM ascr#3,stimulus,24,-0.1952,12.37,0.0491,3.97
all_animals,AWCL,10mM CuSO4,stimulus,24,-0.242,13.87,0.0391,6.19
all_animals,AWCL,800mM Sorbitol,stimulus,24,-0.1847,9.0,0.0534,3.46
all_animals,AWCL,Control,stimulus,24,-0.2256,14.25,0.0416,5.43
all_animals,AWCL,Fluorescein,stimulus,24,-0.2386,14.25,0.043,5.55
