k,subset,n_disc,frac_disc,has_AWAL,diff,p
1,AIBL,0,0.0,False,0.056,0.2659
1,AVEL,0,0.0,False,0.0174,0.6878
1,AVAL,0,0.0,False,-0.007,0.894
1,RIML,0,0.0,False,-0.0194,0.7031
1,ASEL,0,0.0,False,0.1224,0.1812
1,ASER,0,0.0,False,-0.1072,0.2629
1,AWAL,1,1.0,True,0.1616,0.3624
1,AWCL,0,0.0,False,0.0686,0.1892
2,AIBL+AVEL,0,0.0,False,0.0531,0.3787
2,AIBL+AVAL,0,0.0,False,0.1023,0.0302
2,AIBL+RIML,0,0.0,False,0.0577,0.3499
2,AIBL+ASEL,0,0.0,False,0.1036,0.1957
2,AIBL+ASER,0,0.0,False,-0.0244,0.7833
2,AIBL+AWAL,1,0.5,True,0.1992,0.2494
2,AIBL+AWCL,0,0.0,False,0.0686,0.2517
2,AVEL+AVAL,0,0.0,False,0.0423,0.2929
2,AVEL+RIML,0,0.0,False,0.0871,0.1957
2,AVEL+ASEL,0,0.0,False,0.1271,0.1377
2,AVEL+ASER,0,0.0,False,-0.0355,0.5179
2,AVEL+AWAL,1,0.5,True,0.1705,0.2744
2,AVEL+AWCL,0,0.0,False,0.0427,0.5626
2,AVAL+RIML,0,0.0,False,-0.0303,0.5699
2,AVAL+ASEL,0,0.0,False,0.1053,0.1592
2,AVAL+ASER,0,0.0,False,-0.0601,0.3514
2,AVAL+AWAL,1,0.5,True,0.1561,0.2724
2,AVAL+AWCL,0,0.0,False,0.0312,0.5059
2,RIML+ASEL,0,0.0,False,0.1111,0.1587
2,RIML+ASER,0,0.0,False,-0.0508,0.4796
2,RIML+AWAL,1,0.5,True,0.1376,0.3817
2,RIML+AWCL,0,0.0,False,0.0394,0.3789
2,ASEL+ASER,0,0.0,False,0.0452,0.6068
2,ASEL+AWAL,1,0.5,True,0.238,0.1032
2,ASEL+AWCL,0,0.0,False,0.1247,0.1427
2,ASER+AWAL,1,0.5,True,0.0597,0.7308
2,ASER+AWCL,0,0.0,False,-0.0337,0.6388
2,AWAL+AWCL,1,0.5,True,0.1633,0.2864
3,AIBL+AVEL+AVAL,0,0.0,False,0.0713,0.1705
3,AIBL+AVEL+RIML,0,0.0,False,0.0567,0.4094
3,AIBL+AVEL+ASEL,0,0.0,False,0.1039,0.2254
3,AIBL+AVEL+ASER,0,0.0,False,-0.0034,0.9623
3,AIBL+AVEL+AWAL,1,0.333,True,0.1772,0.2172
3,AIBL+AVEL+AWCL,0,0.0,False,0.0698,0.2772
3,AIBL+AVAL+RIML,0,0.0,False,0.0736,0.2114
3,AIBL+AVAL+ASEL,0,0.0,False,0.1337,0.0422
3,AIBL+AVAL+ASER,0,0.0,False,0.0162,0.8255
3,AIBL+AVAL+AWAL,1,0.333,True,0.2054,0.1057
3,AIBL+AVAL+AWCL,0,0.0,False,0.1077,0.035
3,AIBL+RIML+ASEL,0,0.0,False,0.1238,0.1217
3,AIBL+RIML+ASER,0,0.0,False,0.0005,0.991
3,AIBL+RIML+AWAL,1,0.333,True,0.1635,0.3012
3,AIBL+RIML+AWCL,0,0.0,False,0.057,0.3412
3,AIBL+ASEL+ASER,0,0.0,False,0.0538,0.5216
3,AIBL+ASEL+AWAL,1,0.333,True,0.2289,0.1102
3,AIBL+ASEL+AWCL,0,0.0,False,0.1077,0.1807
3,AIBL+ASER+AWAL,1,0.333,True,0.102,0.5471
3,AIBL+ASER+AWCL,0,0.0,False,0.0,1.0
3,AIBL+AWAL+AWCL,1,0.333,True,0.1809,0.2312
3,AVEL+AVAL+RIML,0,0.0,False,0.0377,0.5144
3,AVEL+AVAL+ASEL,0,0.0,False,0.1135,0.1175
3,AVEL+AVAL+ASER,0,0.0,False,-0.0235,0.6381
3,AVEL+AVAL+AWAL,1,0.333,True,0.1582,0.1997
3,AVEL+AVAL+AWCL,0,0.0,False,0.0655,0.2172
3,AVEL+RIML+ASEL,0,0.0,False,0.1483,0.0822
3,AVEL+RIML+ASER,0,0.0,False,0.0189,0.7803
3,AVEL+RIML+AWAL,1,0.333,True,0.1696,0.2727
3,AVEL+RIML+AWCL,0,0.0,False,0.0797,0.2669
3,AVEL+ASEL+ASER,0,0.0,False,0.0537,0.5264
3,AVEL+ASEL+AWAL,1,0.333,True,0.2291,0.1012
3,AVEL+ASEL+AWCL,0,0.0,False,0.1154,0.181
3,AVEL+ASER+AWAL,1,0.333,True,0.1071,0.4681
3,AVEL+ASER+AWCL,0,0.0,False,-0.0169,0.7586
3,AVEL+AWAL+AWCL,1,0.333,True,0.1624,0.2807
3,AVAL+RIML+ASEL,0,0.0,False,0.0692,0.3667
3,AVAL+RIML+ASER,0,0.0,False,-0.0669,0.3512
3,AVAL+RIML+AWAL,1,0.333,True,0.1183,0.3999
3,AVAL+RIML+AWCL,0,0.0,False,-0.0101,0.8358
3,AVAL+ASEL+ASER,0,0.0,False,0.045,0.5386
3,AVAL+ASEL+AWAL,1,0.333,True,0.2203,0.0905
3,AVAL+ASEL+AWCL,0,0.0,False,0.1018,0.1715
3,AVAL+ASER+AWAL,1,0.333,True,0.0842,0.5649
3,AVAL+ASER+AWCL,0,0.0,False,-0.023,0.6596
3,AVAL+AWAL+AWCL,1,0.333,True,0.1521,0.2154
3,RIML+ASEL+ASER,0,0.0,False,0.0569,0.4899
3,RIML+ASEL+AWAL,1,0.333,True,0.2092,0.1077
3,RIML+ASEL+AWCL,0,0.0,False,0.1023,0.1905
3,RIML+ASER+AWAL,1,0.333,True,0.0757,0.6081
3,RIML+ASER+AWCL,0,0.0,False,-0.0151,0.8145
3,RIML+AWAL+AWCL,1,0.333,True,0.1411,0.2772
3,ASEL+ASER+AWAL,1,0.333,True,0.1602,0.2434
3,ASEL+ASER+AWCL,0,0.0,False,0.0565,0.4889
3,ASEL+AWAL+AWCL,1,0.333,True,0.2166,0.1005
3,ASER+AWAL+AWCL,1,0.333,True,0.088,0.5411
4,AIBL+AVEL+AVAL+RIML,0,0.0,False,0.0507,0.3509
4,AIBL+AVEL+AVAL+ASEL,0,0.0,False,0.1132,0.0655
4,AIBL+AVEL+AVAL+ASER,0,0.0,False,0.0161,0.8025
4,AIBL+AVEL+AVAL+AWAL,1,0.25,True,0.1649,0.1682
4,AIBL+AVEL+AVAL+AWCL,0,0.0,False,0.0857,0.1222
4,AIBL+AVEL+RIML+ASEL,0,0.0,False,0.111,0.1517
4,AIBL+AVEL+RIML+ASER,0,0.0,False,0.0167,0.82
4,AIBL+AVEL+RIML+AWAL,1,0.25,True,0.1498,0.3104
4,AIBL+AVEL+RIML+AWCL,0,0.0,False,0.0556,0.4321
4,AIBL+AVEL+ASEL+ASER,0,0.0,False,0.0561,0.5071
4,AIBL+AVEL+ASEL+AWAL,1,0.25,True,0.2001,0.1152
4,AIBL+AVEL+ASEL+AWCL,0,0.0,False,0.1017,0.2227
4,AIBL+AVEL+ASER+AWAL,1,0.25,True,0.1075,0.4621
4,AIBL+AVEL+ASER+AWCL,0,0.0,False,0.0162,0.7946
4,AIBL+AVEL+AWAL+AWCL,1,0.25,True,0.1698,0.179
4,AIBL+AVAL+RIML+ASEL,0,0.0,False,0.1133,0.0807
4,AIBL+AVAL+RIML+ASER,0,0.0,False,0.0021,0.9773
4,AIBL+AVAL+RIML+AWAL,1,0.25,True,0.1669,0.2112
4,AIBL+AVAL+RIML+AWCL,0,0.0,False,0.0675,0.2429
4,AIBL+AVAL+ASEL+ASER,0,0.0,False,0.0804,0.2347
4,AIBL+AVAL+ASEL+AWAL,1,0.25,True,0.223,0.0567
4,AIBL+AVAL+ASEL+AWCL,0,0.0,False,0.127,0.0595
4,AIBL+AVAL+ASER+AWAL,1,0.25,True,0.1115,0.4301
4,AIBL+AVAL+ASER+AWCL,0,0.0,False,0.0309,0.6003
4,AIBL+AVAL+AWAL+AWCL,1,0.25,True,0.1885,0.103
4,AIBL+RIML+ASEL+ASER,0,0.0,False,0.0669,0.4001
4,AIBL+RIML+ASEL+AWAL,1,0.25,True,0.2034,0.1017
4,AIBL+RIML+ASEL+AWCL,0,0.0,False,0.1023,0.1915
4,AIBL+RIML+ASER+AWAL,1,0.25,True,0.1016,0.4909
4,AIBL+RIML+ASER+AWCL,0,0.0,False,0.0101,0.865
4,AIBL+RIML+AWAL+AWCL,1,0.25,True,0.1491,0.2934
4,AIBL+ASEL+ASER+AWAL,1,0.25,True,0.1542,0.2659
4,AIBL+ASEL+ASER+AWCL,0,0.0,False,0.0567,0.4846
4,AIBL+ASEL+AWAL+AWCL,1,0.25,True,0.2138,0.1065
4,AIBL+ASER+AWAL+AWCL,1,0.25,True,0.1181,0.4166
4,AVEL+AVAL+RIML+ASEL,0,0.0,False,0.0911,0.1967
4,AVEL+AVAL+RIML+ASER,0,0.0,False,-0.0152,0.7993
4,AVEL+AVAL+RIML+AWAL,1,0.25,True,0.1364,0.3029
4,AVEL+AVAL+RIML+AWCL,0,0.0,False,0.0419,0.5151
4,AVEL+AVAL+ASEL+ASER,0,0.0,False,0.0499,0.4621
4,AVEL+AVAL+ASEL+AWAL,1,0.25,True,0.2084,0.0747
4,AVEL+AVAL+ASEL+AWCL,0,0.0,False,0.1112,0.1255
4,AVEL+AVAL+ASER+AWAL,1,0.25,True,0.1008,0.4374
4,AVEL+AVAL+ASER+AWCL,0,0.0,False,-0.0012,0.9873
4,AVEL+AVAL+AWAL+AWCL,1,0.25,True,0.1591,0.152
4,AVEL+RIML+ASEL+ASER,0,0.0,False,0.0785,0.3339
4,AVEL+RIML+ASEL+AWAL,1,0.25,True,0.2097,0.0872
4,AVEL+RIML+ASEL+AWCL,0,0.0,False,0.1233,0.132
4,AVEL+RIML+ASER+AWAL,1,0.25,True,0.1163,0.4249
4,AVEL+RIML+ASER+AWCL,0,0.0,False,0.0253,0.7043
4,AVEL+RIML+AWAL+AWCL,1,0.25,True,0.1577,0.2554
4,AVEL+ASEL+ASER+AWAL,1,0.25,True,0.1527,0.2377
4,AVEL+ASEL+ASER+AWCL,0,0.0,False,0.0516,0.5236
4,AVEL+ASEL+AWAL+AWCL,1,0.25,True,0.2073,0.1137
4,AVEL+ASER+AWAL+AWCL,1,0.25,True,0.1121,0.3907
4,AVAL+RIML+ASEL+ASER,0,0.0,False,0.0309,0.6636
4,AVAL+RIML+ASEL+AWAL,1,0.25,True,0.1703,0.1442
4,AVAL+RIML+ASEL+AWCL,0,0.0,False,0.0615,0.3957
4,AVAL+RIML+ASER+AWAL,1,0.25,True,0.0563,0.6848
4,AVAL+RIML+ASER+AWCL,0,0.0,False,-0.0456,0.4284
4,AVAL+RIML+AWAL+AWCL,1,0.25,True,0.1161,0.3514
4,AVAL+ASEL+ASER+AWAL,1,0.25,True,0.1477,0.1992
4,AVAL+ASEL+ASER+AWCL,0,0.0,False,0.0488,0.4919
4,AVAL+ASEL+AWAL+AWCL,1,0.25,True,0.2048,0.0937
4,AVAL+ASER+AWAL+AWCL,1,0.25,True,0.1015,0.4006
4,RIML+ASEL+ASER+AWAL,1,0.25,True,0.1497,0.2307
4,RIML+ASEL+ASER+AWCL,0,0.0,False,0.056,0.4589
4,RIML+ASEL+AWAL+AWCL,1,0.25,True,0.1928,0.0997
4,RIML+ASER+AWAL+AWCL,1,0.25,True,0.0948,0.4581
4,ASEL+ASER+AWAL+AWCL,1,0.25,True,0.151,0.2359
