lag_s,AIBL,AVEL,AVAL,RIML,ASEL,ASER,AWAL,AWCL
-59.97991564571199,-0.006301749960663157,0.006002522581269867,0.0016243324190074009,-0.00014665557849859005,0.05730949783491979,0.09402380573168623,0.09786941848834602,-0.06012765050784976
-59.60504117292629,-0.009272986365018592,0.0044687039801109395,-0.00010129961626338278,-0.0016623134436633755,0.05845984799120495,0.09612782153830668,0.09962825833623826,-0.06384130673454291
-59.23016670014059,-0.0119165203547039,0.003035633274173301,-0.0019613158880381325,-0.003367941841853337,0.05942773180866788,0.09829513164066461,0.10075984154434656,-0.06606619757029995
-58.855292227354894,-0.01437952440719644,0.001264618802360801,-0.0037709079606186857,-0.004936426925171525,0.05956160559845684,0.09993188184605799,0.10049465261639953,-0.06715426568028858
-58.480417754569196,-0.016924755605146367,-0.0006069354838893982,-0.00563911118493127,-0.00668487588446305,0.05937519150944275,0.10123446728560193,0.09878590582159269,-0.06708150546622806
-58.1055432817835,-0.01912819325568439,-0.002425261858945574,-0.007524749888737348,-0.008379920030321961,0.05890507291053036,0.10202085008083539,0.09614331019630978,-0.06593548869328458
-57.73066880899779,-0.02129652049583486,-0.004277696468549368,-0.009451905555172313,-0.010137058833479522,0.058167910426884475,0.10205298617807645,0.09322971009358415,-0.06379369537225239
-57.35579433621209,-0.023201693863294653,-0.006033670039452257,-0.011336214788005302,-0.011928649531912802,0.05698262246887069,0.10172996462369371,0.0905378309274449,-0.0610953199766348
-56.980919863426394,-0.025192789287105895,-0.0077916819063453754,-0.013182492620928354,-0.013623638773151543,0.055984427832578544,0.10112838057046993,0.08723467158792049,-0.05776371520992847
-56.606045390640695,-0.027228090149120796,-0.009554306291360929,-0.014882975104117749,-0.015320765651518022,0.054443775549730754,0.10007802586715776,0.08369110193482529,-0.053795119895864676
-56.231170917854996,-0.029004350121358474,-0.011284294608172697,-0.016679117836321044,-0.017088605320822466,0.052989869440180665,0.09849055190377015,0.07980194193648764,-0.049531820162604656
-55.8562964450693,-0.030579897031442885,-0.01297506464055126,-0.01837618992730382,-0.018606234440228474,0.05188986955238023,0.09677871345893009,0.0757639944406964,-0.04515403895163408
-55.48142197228359,-0.032107178630909027,-0.0146439665647546,-0.019978043965032177,-0.020059743801354175,0.05077594355911767,0.09500036950772542,0.07144159693395788,-0.0402608916049423
-55.10654749949789,-0.03383841460995274,-0.016313517561884285,-0.021503818704432617,-0.02146618988220024,0.049438940546780226,0.0934212085158071,0.06719494971844302,-0.03516128776386696
-54.731673026712194,-0.03533296861910532,-0.01794363313875688,-0.02296419558988967,-0.022772298532863368,0.0482633690016685,0.09172231598342077,0.06292651263873206,-0.030403654450206846
-54.356798553926495,-0.03663538100630141,-0.019421078663950778,-0.024246835178037444,-0.024001774283308134,0.04674025777374338,0.08951962137383015,0.058582148230469644,-0.02575659771441223
-53.9819240811408,-0.038045565981338396,-0.0208295406431482,-0.025356721807393283,-0.02487752704848914,0.045333928599602814,0.0874356046111729,0.05402447834507991,-0.020213907130162332
-53.6070496083551,-0.03906143848505552,-0.02217353196024284,-0.026238097222864663,-0.025792139512868004,0.04430195746255688,0.08532379162922718,0.04941925925509789,-0.015302211732270983
-53.23217513556939,-0.03999435232259844,-0.023282933365613302,-0.02713768219994099,-0.026581008981232796,0.042741007543635405,0.08295226127286819,0.04458640417631565,-0.01040076977979606
-52.85730066278369,-0.04058981533776636,-0.024530306089916118,-0.027859584687329454,-0.027054661744127424,0.04159234245038726,0.08047519441954316,0.040254057230328016,-0.005229375207168549
-52.482426189997994,-0.04125412223610185,-0.02541625847059682,-0.0284849817826928,-0.027460220186913735,0.04061170840625364,0.07827228034922604,0.035891573268190674,-0.0002984313940671659
-52.107551717212296,-0.04171623416918085,-0.026335791915713495,-0.029010884858686393,-0.027749577317217097,0.03945749661545879,0.07604858616161976,0.03191696490500643,0.004576848060370433
-51.7326772444266,-0.042260576155495944,-0.02728678142336471,-0.029527268299128828,-0.027861692784772817,0.03819779725394308,0.07392256668857754,0.02856593265392975,0.00972412702465036
-51.3578027716409,-0.04279457285330807,-0.02810989253031566,-0.029874825947499566,-0.027847978601515323,0.0367352789642068,0.0717801452525714,0.025431789248205584,0.014925361367300806
-50.98292829885519,-0.04316030547454724,-0.028764270471702442,-0.03012988630597277,-0.027697834669271393,0.03569791588039164,0.06946062162214599,0.02185419679946409,0.019848157960330577
-50.608053826069494,-0.043176693079671924,-0.02931142417621114,-0.030450581149701634,-0.027615879877989816,0.03437187986499626,0.06708402214085031,0.018319994589010225,0.02459688832345811
-50.233179353283795,-0.04347003466536712,-0.029861913087605357,-0.030631919635233484,-0.027429783287930252,0.03303659568552319,0.06461772677450756,0.01480030822338671,0.029449952191427018
-49.858304880498096,-0.04299279867596751,-0.030429324802712883,-0.030755986360640798,-0.027195750507634595,0.03165196636495597,0.062171829585641644,0.011635529685155768,0.03451763259723991
-49.4834304077124,-0.04288504228611706,-0.030950032048269082,-0.030726001420570245,-0.02676217843163354,0.030582839120746788,0.059627557001436,0.008659593018610811,0.038856367454457606
-49.1085559349267,-0.04277467617626453,-0.03125789781993074,-0.030536551410585144,-0.02624619774213219,0.02922621249207894,0.05708727534387646,0.005974468269546496,0.04334446431387477
-48.73368146214099,-0.04235106957060059,-0.03132333886671157,-0.03013577458339682,-0.025685834093339053,0.028382702479354927,0.054913746960846284,0.003123815925471869,0.04769630650855342
-48.358806989355294,-0.04202652226350357,-0.0313303075636701,-0.02960082909622131,-0.024956955547973576,0.026956789800541985,0.052466428723639054,0.0005609250732255538,0.05217300010438494
-47.983932516569595,-0.04166518092219916,-0.031154074849800168,-0.028917695483485016,-0.02412271547742599,0.026187468978647096,0.05004423156454232,-0.0015223455190567577,0.05695539649281995
-47.6090580437839,-0.04113992750073091,-0.030821328849347174,-0.028245336820433717,-0.02318106521270918,0.025289003945788903,0.047914500598900615,-0.004284083931042287,0.061085506068390694
-47.2341835709982,-0.040704269107541144,-0.030417322517975545,-0.027308347151901304,-0.022204781249019253,0.024138053470289748,0.045616227118225446,-0.0066657114597552716,0.06560576259976375
-46.85930909821249,-0.039820147000773104,-0.02986136920677413,-0.026328717665624234,-0.02139998250690147,0.02313850783451676,0.04353855730369646,-0.009253809802888141,0.07019215762978524
-46.48443462542679,-0.03902196955484025,-0.02913070214153963,-0.02536451650487475,-0.020534390660981502,0.0222808099705252,0.04103374402768437,-0.011063474934110784,0.07442581964328233
-46.109560152641095,-0.03789590818462503,-0.028380637203018134,-0.024485537920189503,-0.019506751349209726,0.021669162525919685,0.038303144932893225,-0.012583413404031372,0.07773961395528009
-45.734685679855396,-0.03721457984231284,-0.02756057438039006,-0.023479680582722474,-0.018600748225972897,0.020424674763118145,0.035760141711111956,-0.014583781713331023,0.08062510302863174
-45.3598112070697,-0.03638316346164731,-0.026776765119000158,-0.02252133857871091,-0.01776216480529662,0.019095447537228888,0.03309378434518826,-0.0160478243554227,0.08316690477090752
-44.984936734284,-0.035764140873204626,-0.02583869287854104,-0.02155319925864481,-0.016826756904246846,0.018422537258981773,0.030547606680219247,-0.017340345484320733,0.08531143927353271
-44.61006226149829,-0.03474560919666999,-0.025007439949247135,-0.020667696248442356,-0.016029323334488907,0.017492707969149743,0.027196859230473706,-0.018792579501929745,0.08772757450960118
-44.235187788712594,-0.03376780622633702,-0.024130099326924115,-0.019572193151521297,-0.015080667171534138,0.01663225192875079,0.02353884599531768,-0.020131179467535995,0.08896683901641453
-43.860313315926895,-0.032649184427949146,-0.023168146357372056,-0.01861904543207566,-0.01412337691059625,0.015828041611125755,0.019750210608278123,-0.021376018179066234,0.0891981532389165
-43.485438843141196,-0.0314962129698535,-0.022119634595647572,-0.01759137899386981,-0.01312333166673067,0.014584624155318894,0.016240867894092265,-0.02236292152018198,0.08877638332287408
-43.1105643703555,-0.03030036475101426,-0.0210855693847107,-0.016641723765115603,-0.012301042405643843,0.012758988630458996,0.012768716127283752,-0.02316857132395693,0.08775640804012186
-42.7356898975698,-0.029019641256794453,-0.01996791477432594,-0.015641993496471895,-0.011596254813519166,0.011193555508827328,0.009478192655174982,-0.0238691303407987,0.08606592101200745
-42.36081542478409,-0.02798554215569743,-0.01890446558416457,-0.01475627694049833,-0.010905126109299983,0.0093670944170836,0.006078447901595389,-0.024918163689722578,0.083701856334246
-41.985940951998394,-0.02659072656346617,-0.017943356946216224,-0.013902193320206164,-0.010262415610866406,0.007653658196921483,0.0029078441985541104,-0.02555303636773696,0.08112448446706545
-41.611066479212695,-0.025323360782547894,-0.016989222218440125,-0.013093110168924242,-0.009640011292496505,0.006493599665565878,-0.0003806809653920432,-0.026281262286743635,0.07791317898506882
-41.236192006427,-0.02374526253541083,-0.015916120437114465,-0.012240063117498458,-0.00901176543669545,0.004882480382708119,-0.0032168614926948234,-0.02722526989346688,0.07452856954606366
-40.8613175336413,-0.022509372544129484,-0.014984201713929632,-0.011356282488431454,-0.00845885803154343,0.0026894248769534857,-0.005970480721050476,-0.02813731236168061,0.0710164778136515
-40.4864430608556,-0.021105205999971354,-0.013819247471084154,-0.010484362749216845,-0.007779210664528496,0.0009168527141708111,-0.008592101661074693,-0.028737241045457496,0.0673702203451073
-40.11156858806989,-0.019638444927106553,-0.012725754703913435,-0.0095886842009896,-0.007143245053409263,-0.0008649854850203351,-0.011354300175746098,-0.02967667879541342,0.0631012091835708
-39.736694115284195,-0.01834636197885288,-0.011770211661358953,-0.008735702857915209,-0.006630971175912739,-0.0023750939876118022,-0.014081813834177337,-0.030258971070733283,0.059111600519443
-39.361819642498496,-0.016975793811286208,-0.01094599918956931,-0.007796227486832919,-0.006088272697718703,-0.0036686172980675428,-0.016674759749792965,-0.030870021430700285,0.0550893381212281
-38.9869451697128,-0.015314427329547334,-0.010000137646974178,-0.006916173864758464,-0.005593584828885373,-0.00500622770178876,-0.018925869723228565,-0.03155012747110351,0.05075807829844238
-38.6120706969271,-0.013860102240386774,-0.009021328345787713,-0.0061422696130284185,-0.005087465743474695,-0.006141978545296614,-0.021178531389958073,-0.03258485664860247,0.04677114697870048
-38.2371962241414,-0.012532528210528882,-0.008337440359589807,-0.0052976894111641006,-0.0046727760185066875,-0.00736085238954135,-0.023302397669770374,-0.032733707137690735,0.04302420521946226
-37.862321751355694,-0.011653187874039845,-0.0072751064021970594,-0.004407042725702737,-0.004300194230793722,-0.009068162330492431,-0.025430162138599964,-0.03353361806806548,0.03868405826873213
-37.487447278569995,-0.010546339305204575,-0.006264095486244322,-0.0035487824405276095,-0.003902488917205864,-0.010688306954760432,-0.02749701772027014,-0.033612062060902906,0.03455689685153602
-37.112572805784296,-0.009525648391470742,-0.005322717731475337,-0.002702755580618447,-0.0035837810799820976,-0.012686668663926448,-0.0292897791672542,-0.0346303499977726,0.03038945086666455
-36.7376983329986,-0.008289422112630517,-0.004263046269699465,-0.0018032363480709936,-0.003264006345563953,-0.014399605139908712,-0.031210767409299116,-0.03524601924574381,0.02626099529803152
-36.3628238602129,-0.007040737658996941,-0.0033090162362632795,-0.000873729559669115,-0.002984834906651336,-0.01570735097765566,-0.0330157629216956,-0.03597364664467889,0.022027712327190523
-35.98794938742719,-0.005730802666470326,-0.0022780092164177207,1.8368284467445636e-05,-0.0028236552340912572,-0.016818462224823406,-0.03468059858727048,-0.03588929817730739,0.017995435308548587
-35.613074914641494,-0.00452354409624193,-0.001327428743462855,0.0010420418721072099,-0.0025613063827872725,-0.018498320155610454,-0.036339402492397165,-0.03657872998889326,0.014016716648768916
-35.238200441855795,-0.003022379526322695,-0.00037546785359637413,0.002109459602069647,-0.0022658771137217043,-0.019454453806112992,-0.03787120093585509,-0.036718242233801685,0.009861155161976725
-34.8633259690701,-0.0020681092882123137,0.0006458814235172396,0.0031988988962574896,-0.0019615779795965687,-0.020370426903834265,-0.039622347657323365,-0.03707780055816477,0.005273293358697868
-34.4884514962844,-0.001000598782460442,0.0015347069100829086,0.004138020053726494,-0.0019850223896408304,-0.021819675964593728,-0.04136178937506819,-0.03750712910824118,0.0007939373291003904
-34.1135770234987,0.00015037083865829422,0.0023223999532926078,0.0051006952239938015,-0.0018919912351797385,-0.022835205550177675,-0.04320347010926232,-0.0382269577566278,-0.003935121231467592
-33.73870255071299,0.001102561659570454,0.0030542589523860366,0.0059892975079899324,-0.001827843447340144,-0.023904962560006324,-0.044996414718275424,-0.03852135947962597,-0.008194727586352729
-33.363828077927295,0.0022411801811034367,0.003863350548148626,0.006911277593413941,-0.0016387406121008228,-0.02500948965211671,-0.046860008597134836,-0.03893821104045601,-0.012645316497000566
-32.988953605141596,0.0032781230319831045,0.004557330014326843,0.007885018314673836,-0.001330629256793163,-0.026264086128797486,-0.048750312483810565,-0.03967586946900642,-0.017050422975373708
-32.6140791323559,0.004485649263927457,0.005223917658885085,0.008900194140421194,-0.0010536565530533532,-0.02707329973313433,-0.05070435831720254,-0.039596423085709834,-0.02136281809998965
-32.2392046595702,0.005253964736225726,0.005814091292154147,0.009674121278217833,-0.0007466145626194316,-0.02799183794469512,-0.052602655008541596,-0.04006843140460112,-0.026030775235924786
-31.864330186784496,0.005694780535364034,0.006294030130853596,0.010503818476087057,-0.00028980508576071425,-0.028902800948014912,-0.054370422711984785,-0.0398448043041715,-0.030217421355868933
-31.489455713998797,0.0063251493055232495,0.006587590680610061,0.011340852519827553,7.620050214243203e-05,-0.029892300690597548,-0.05568406229146465,-0.04030489657286515,-0.03410957201199511
-31.1145812412131,0.0064691154467823985,0.006904101795738462,0.012170719555657716,0.0004762143375663082,-0.031140095668706347,-0.05683881627192462,-0.04079466171580662,-0.0374013589910493
-30.739706768427396,0.007141467843733472,0.007252170044431889,0.012954330127091695,0.0009877104674734464,-0.03210504702959462,-0.05810217378636794,-0.04048720018785071,-0.04019137014365903
-30.364832295641698,0.007878152671742538,0.007590765389435662,0.013892765103520124,0.001685762113578273,-0.03265252200758487,-0.058904088499951865,-0.040761947559960834,-0.04265863429836522
-29.989957822855995,0.008377986070786042,0.008031012144965951,0.014705476767593413,0.0022685094684187796,-0.03363120213921873,-0.05978258641943407,-0.040996775337612534,-0.04467914076370752
-29.615083350070297,0.008768399746800186,0.008442956093494736,0.015565201958299656,0.0029288319227277378,-0.03442895328862025,-0.06060450508279266,-0.04132030819693281,-0.0466211810320826
-29.240208877284598,0.009150483658712776,0.008785206337878076,0.016275061574143115,0.003572422947041963,-0.03554663094815154,-0.06151130095550931,-0.04125245464014898,-0.04809184027910729
-28.865334404498896,0.009383037657348721,0.009346172886582656,0.01695179259524535,0.004248300718179294,-0.036586706299814066,-0.06242039903907705,-0.041284780079729744,-0.049534026011507803
-28.490459931713197,0.009565052688953718,0.009753340381033801,0.01759583267256735,0.005017522272145403,-0.037511226557674575,-0.06330576542788166,-0.041391035796942276,-0.05077787674900377
-28.115585458927498,0.009660928780933668,0.010050004284033003,0.01825997696419633,0.005607597213323944,-0.03773096574068765,-0.06401784978341427,-0.041618202044540364,-0.052027196165891194
-27.740710986141796,0.009719394320714706,0.010220479227937855,0.018823008815045148,0.006359738192067414,-0.03799994010348455,-0.06506426218935207,-0.04184981079595634,-0.053102091037909804
-27.365836513356097,0.010147376687749725,0.010459025983290439,0.019354165423405255,0.007170539278457514,-0.03772513362476178,-0.06578832261609541,-0.041266308146794446,-0.0539067020451562
-26.9909620405704,0.010557289860224525,0.010849673592693341,0.01988564579010291,0.007875482878198269,-0.03825739063779923,-0.06685507650995418,-0.04126168095966446,-0.055032403709100175
-26.616087567784696,0.010810709053803531,0.011281002965079629,0.020325733358490028,0.00858952621023433,-0.038969661609143856,-0.06763110230661754,-0.04163943426191893,-0.05575352724804359
-26.241213094998997,0.010750089311524281,0.011529636033414739,0.02072731252766523,0.009305437204043959,-0.039152197577771386,-0.06837630257419183,-0.041372776802683656,-0.05603532894225694
-25.8663386222133,0.011135072498290911,0.011653821753028667,0.020939962774967017,0.009800041736975537,-0.038924402813410315,-0.06891671820521654,-0.04115786668456353,-0.05622217340910999
-25.491464149427596,0.011413646642252473,0.011565818854394368,0.021090336392215706,0.010140120906457002,-0.03913061860215446,-0.06949539858204747,-0.04120244998727222,-0.056041048504462274
-25.116589676641897,0.0115626499963172,0.011656185726795646,0.021019701418161313,0.010495065428116946,-0.03939281686316822,-0.06988965717131368,-0.0407417882177773,-0.055563450651132516
-24.7417152038562,0.012001111471261509,0.011763823845555835,0.02090512571399814,0.010831731326871643,-0.03985005400067934,-0.07050866368156009,-0.04088089671840691,-0.054839246012725815
-24.366840731070496,0.012387960078344607,0.011871761112441275,0.020640495506776897,0.01119659441443324,-0.04017523951798111,-0.07089327655188003,-0.04072242528148129,-0.05375184838502346
-23.991966258284798,0.01265067538847317,0.012013821047955923,0.02032607779235215,0.011398559942629758,-0.04041231111203012,-0.0715056469779254,-0.04060798018224689,-0.05273430794982564
-23.6170917854991,0.012858673163138467,0.011984469782825117,0.019903498833072897,0.011625479573522696,-0.041197019816337624,-0.07183758812982312,-0.040265504570411156,-0.051197317556430484
-23.242217312713397,0.013202638926125826,0.01213961086995104,0.019439712928849186,0.011899400094369735,-0.04161290145233153,-0.07213403297028764,-0.04031860389319603,-0.049695943820832124
-22.867342839927698,0.01369650383520541,0.012097344986464972,0.01891996014822347,0.012189487841174589,-0.041644132071478726,-0.07235480289211213,-0.040663327547511924,-0.047653264105495016
-22.492468367142,0.014160347300005545,0.011838731836329535,0.018295306616728575,0.012462046256116289,-0.04207237463166065,-0.0723870912240478,-0.04100479633244537,-0.04593227774133651
-22.117593894356297,0.014443052813705401,0.011549643639317039,0.017685608028329972,0.012699550405933529,-0.04210968803105751,-0.07279131222415619,-0.04104636290884762,-0.04387540026642971
-21.742719421570598,0.015001044711717752,0.011200831850073537,0.01700836043283869,0.012863658018964878,-0.041963145353739635,-0.07264893378250004,-0.041060243456148234,-0.04203286666243024
-21.3678449487849,0.015465240466601214,0.01089805909124938,0.016342724094922583,0.013177193347211933,-0.04238918734362026,-0.07279922589480989,-0.041157621019959754,-0.04003534521354711
-20.992970475999197,0.015722872553366306,0.010579275325125018,0.015619069700684562,0.013459750436697282,-0.042979640287918286,-0.07285916156156995,-0.04142946641774413,-0.03762346072136877
-20.6180960032135,0.01587575076023017,0.010209768218510494,0.01490271197790584,0.013615916500268149,-0.04315745846695258,-0.0726351024118121,-0.04136126201444389,-0.035223812285823386
-20.2432215304278,0.01593266298205544,0.009867722110258935,0.014206786482802845,0.013669115711120339,-0.04383050511052371,-0.07257382960844583,-0.04171400424355681,-0.03269865204765317
-19.868347057642097,0.016215669238102477,0.00954130508354901,0.013518691836109164,0.013696102365361756,-0.044428827080300166,-0.07235519255966276,-0.04190184111311605,-0.029670911849977954
-19.4934725848564,0.01684702381566972,0.009401894892272855,0.012950154911964752,0.01403546509995414,-0.044284569765801834,-0.07204403064913675,-0.04150258925918255,-0.026126210429444508
-19.1185981120707,0.01732295843004954,0.009055909066447506,0.012343319813868565,0.014442928264629805,-0.04432530750177616,-0.07154997049168346,-0.04147785889863523,-0.022438824302438487
-18.743723639284998,0.017863907487137898,0.008882019195599316,0.011842898193844605,0.014733053696405509,-0.044348632244548755,-0.0711494267782613,-0.041721039262573575,-0.019081579644924254
-18.3688491664993,0.018548899616521532,0.008592195521658883,0.011301693449083206,0.01493081138924985,-0.04404825116076443,-0.07027976543380897,-0.0417401507822526,-0.015556916650287219
-17.993974693713596,0.019571928188817755,0.008323265371144924,0.010726050850259312,0.014925802862397477,-0.044287721067667894,-0.0696027462661125,-0.04116604234909747,-0.01220295334421632
-17.619100220927898,0.020422470951469388,0.008196747985846513,0.01017613470567723,0.015009459751133849,-0.04479244120493135,-0.06870982439048379,-0.04128233040928512,-0.008514531310483277
-17.2442257481422,0.021433545607174906,0.008132591021551455,0.009627141936669406,0.01491159194469095,-0.04517911834948548,-0.06811525504570022,-0.041468664750910864,-0.004639084245835153
-16.869351275356497,0.022603865880766405,0.00792429356843168,0.009071288545413746,0.014865465750196002,-0.04518369225266698,-0.06741597132387117,-0.04194910041156544,-0.0009910083081076358
-16.494476802570798,0.02362621376086777,0.007948235940937576,0.008556031088276413,0.014647993053501953,-0.04524044145101716,-0.06672510843890998,-0.041706476021611906,0.002794585356533365
-16.1196023297851,0.025595311530972047,0.00785041500122569,0.00823524736281479,0.014507591508822986,-0.045116278825530494,-0.06582686478759599,-0.041760271764196735,0.0066121455656091635
-15.744727856999399,0.02737874096934576,0.007830667527954641,0.007916781320489431,0.014357078888901581,-0.0450584631569905,-0.06493183535696553,-0.042342330922968775,0.010344751517860493
-15.369853384213698,0.029054692413964637,0.007780586335161753,0.0075668812096629234,0.014146367437505606,-0.04481086916079452,-0.06434178975403294,-0.042467932502267346,0.014316961330630193
-14.994978911427998,0.03101825883377386,0.007636127938306248,0.0074854556928115445,0.014142693797118074,-0.04430759632611945,-0.06274961618810906,-0.04258361867968503,0.018172651854165677
-14.620104438642299,0.03264553886027891,0.007697987547801621,0.0073839173530711715,0.014075280117663973,-0.04368489842599214,-0.06063907038711882,-0.04222339412905096,0.021422288366251655
-14.245229965856598,0.033850000065488085,0.007738509145122352,0.007393255762838842,0.014060662293847847,-0.042365995802791385,-0.058145561776814826,-0.04191880828005117,0.02390378197905149
-13.870355493070898,0.03543738790950262,0.007797527382297017,0.0074901210760407394,0.013880010596013417,-0.04062564400727983,-0.055167948060061214,-0.04033276812835357,0.02621596714042669
-13.4954810202852,0.036675799757738166,0.007973815906857588,0.007629831378027119,0.01377198810711066,-0.038207530832701855,-0.0518727495227532,-0.037440110470478634,0.02777825631578569
-13.120606547499499,0.037660729872855445,0.008269158494012307,0.007840541726490017,0.013963498132910477,-0.035650189092088114,-0.04846665950936718,-0.03369523496096559,0.029038240185204768
-12.745732074713798,0.03841312763087424,0.008567016796221447,0.008159011037112057,0.014173265352596871,-0.03298061958115186,-0.044057591643723915,-0.029801277480072,0.029626776362050928
-12.3708576019281,0.03898387559998656,0.008809243159986765,0.008548394179913025,0.014310293971428604,-0.03041215695892037,-0.03963627144079873,-0.026469349531394015,0.03027094163735807
-11.995983129142399,0.039404079283339374,0.009045682422746028,0.008949327803486307,0.014586981156236438,-0.026779355204255294,-0.03475081303131368,-0.02239045661514057,0.03068741561551449
-11.621108656356698,0.039921389298554356,0.00920731844264258,0.009351419065386002,0.014813518013192244,-0.02346917886316199,-0.029546457862688245,-0.01772667331633906,0.030787503955524053
-11.246234183571,0.04051935468836352,0.009463524388443115,0.009763716803531063,0.015100233107319101,-0.019830561941756898,-0.02435757594180745,-0.013181803156839995,0.030266300980541092
-10.871359710785299,0.04067859008460514,0.009909424265881307,0.010312262772654901,0.015398182528667996,-0.016565380860649143,-0.01929295686790403,-0.008323016009739352,0.02964943168476421
-10.496485237999599,0.04072081163425628,0.010300796259671664,0.010745016529680672,0.0157087321589625,-0.01336039390362524,-0.014163320522754565,-0.0033191079335173315,0.028227775314700373
-10.1216107652139,0.04076658767676522,0.01070563287953144,0.011382603337429414,0.01596291319536673,-0.010154509912032317,-0.009419350491315174,0.0013270089726293366,0.027029591142463748
-9.7467362924282,0.04073825645495039,0.011081094106271026,0.011989760843709663,0.01645346801056335,-0.00687766033469806,-0.004298371867489815,0.006405722130126832,0.025459027444310074
-9.371861819642499,0.04031580065330528,0.011512927889560834,0.012540358439455324,0.016540645905626428,-0.0034014486852891462,0.0009758132948891524,0.011098555606946716,0.02372158671594822
-8.996987346856798,0.040010632164034755,0.01171215647460102,0.012992624260939802,0.01663728306296807,-0.00022450787781783674,0.005940876487228687,0.016384743164972206,0.02157726379387638
-8.6221128740711,0.039356800398876825,0.011981875725674692,0.013485065246811371,0.016788730054302252,0.002790153672234642,0.010714778314610474,0.021473174488514928,0.01910800369497058
-8.247238401285399,0.038717603667683245,0.012144303898806798,0.013941511932202676,0.016796528963397558,0.005957167081997117,0.01563794914979375,0.026715886087251887,0.016412735389944325
-7.872363928499699,0.0380051979164322,0.012240534208362484,0.014254957202324925,0.0165332701838961,0.008926642835259716,0.02044592682927298,0.032247796298635015,0.013518490727674661
-7.497489455713999,0.03716497321763435,0.012326121064361643,0.014573766050264184,0.01627697026148246,0.012042431190812764,0.024815266751242418,0.03689210015814308,0.0109552641876836
-7.122614982928299,0.03633375614195567,0.012511859045840366,0.014851005766518776,0.01598158888964482,0.015297206355193728,0.029312166743496376,0.0418604793194235,0.008176007410188823
-6.7477405101426,0.03517578237787836,0.012628193033373864,0.015088850771224604,0.01564331246899109,0.018304983369825435,0.033275521966487843,0.04575948545156662,0.00528748540661629
-6.372866037356899,0.033994826380391106,0.012781603133566369,0.015182596934707299,0.015017906667651829,0.02153420249432134,0.03742243848121201,0.04977794891625877,0.0022825285398778653
-5.997991564571199,0.03287527188111933,0.012661069651360095,0.015269843604879789,0.014456846120471815,0.02436385182676867,0.041454688784399854,0.053636150042920855,-0.0011644634929864725
-5.6231170917855,0.031618620607759225,0.012586333335736803,0.015238071803031002,0.014073677530812026,0.027629456258050154,0.04521187411607605,0.05782766204627147,-0.004361487332473315
-5.248242618999799,0.030424747574798933,0.012478784321140702,0.015026831823554613,0.013622293120141099,0.03058511791849181,0.04920134688340225,0.061844732453860615,-0.0077765462668871795
-4.8733681462141,0.02874898073165161,0.012327536972883251,0.014758288833095656,0.01313175323976363,0.03357120424699283,0.053187304357228585,0.06570020258551328,-0.011291028553259594
-4.498493673428399,0.027027590494914183,0.012102220697648193,0.014348456073985518,0.012387426604241907,0.035952914139180725,0.05724025451273135,0.06865983621147055,-0.0148196760495824
-4.1236192006426995,0.025388279842915872,0.011961360981660257,0.013832527148856777,0.011327830984450015,0.03829372162456082,0.061060484534719316,0.07195310058651364,-0.018430720814276255
-3.7487447278569994,0.02345543416011337,0.011469990592693314,0.013064545056251715,0.01043201129743597,0.04028058843759591,0.06468603660948588,0.07550108696467955,-0.021981078894672938
-3.3738702550713,0.02140111540514006,0.011000010345221542,0.012126937166950567,0.009298761051771095,0.04256411952469885,0.06824256759642561,0.07837554598705956,-0.025755185593579567
-2.9989957822855997,0.019041649252530424,0.010393106840025009,0.011047347522655397,0.008180186125396966,0.04479540148249784,0.07179330458305981,0.08077322720791312,-0.029637801397135642
-2.6241213094998996,0.016528989071233444,0.00954851369444271,0.009941335511956714,0.006987899261073768,0.04705089518703859,0.07505875978496979,0.08360716043226725,-0.033305821294686844
-2.2492468367141996,0.014361304515466237,0.008639209090750695,0.008751339853158875,0.005932642774591023,0.04960570756019608,0.07863567696433801,0.08685051088518418,-0.03720668673479481
-1.8743723639284997,0.011914246624683765,0.00776990101368219,0.0075207124084901485,0.004677402646183944,0.05145598705056745,0.0817648023352759,0.08984208480410878,-0.04125389092198378
-1.4994978911427999,0.009564599229520925,0.006773840691282758,0.00624620511228528,0.003659453182579023,0.05339565369821109,0.08492148657255395,0.09188531606257916,-0.04554328622200157
-1.1246234183570998,0.0064989138099707565,0.0058815309793368645,0.0048621890621257085,0.0023716129018473476,0.05511123847480445,0.08790910171749088,0.09399311820218471,-0.0495466637160986
-0.7497489455713999,0.003471129273798043,0.004804391375095826,0.0034179378690339496,0.0011401602203887581,0.05727716186347493,0.09080354441890039,0.09637088776767952,-0.05360118413632507
-0.37487447278569996,0.00040147479228553874,0.0037158009347324846,0.0018836978089273489,-0.00023693834546668446,0.05872546425794705,0.09360508033858154,0.09819071800990573,-0.05789145996129587
0.0,-0.0026368640462234695,0.002508615486061884,0.00022240537234570913,-0.0017574128002889257,0.06012699062744134,0.09556726022123532,0.09980956065395206,-0.06218022258857704
0.37487447278569996,-0.005417855642205051,0.0014232455797417811,-0.0013773020512654398,-0.003131700349840494,0.061266310076351325,0.09790753357298138,0.10148001527777598,-0.06586191568447283
0.7497489455713999,-0.007826148209595565,0.0002961563857532801,-0.003153301013584695,-0.004686989424688669,0.06203348385155663,0.10003663606366058,0.10266274197272723,-0.06805971488101879
1.1246234183570998,-0.01070404480417704,-0.0011702424654659316,-0.0048611549403405185,-0.006147088429512917,0.06240317965741974,0.10189474623031428,0.10232082871326573,-0.06919796113339448
1.4994978911427999,-0.013117433980135143,-0.002667062710530057,-0.00664294549168104,-0.007760314738360275,0.06253007239795932,0.10301081545553716,0.10075572087599675,-0.06908837796617102
1.8743723639284997,-0.015243288000964712,-0.00421516388670314,-0.008439406022844542,-0.009366290174851518,0.061995798117884034,0.1038610728866637,0.09837389749573826,-0.06802089167232055
2.2492468367141996,-0.0170404767461905,-0.0057429621305535895,-0.010314393093623213,-0.011052355523779384,0.061577801497129256,0.10380905902750567,0.09558310399677003,-0.06586141104571548
2.6241213094998996,-0.019087476616196624,-0.007201418899120352,-0.012092857275410346,-0.012695321925208732,0.060753125768632385,0.1035132365003875,0.09288401035781488,-0.06350369766785041
2.9989957822855997,-0.021132180970557062,-0.008783665387897571,-0.013864905659940918,-0.014291007548116024,0.059374050464959166,0.1028561908922833,0.08944404461687229,-0.06008240726764743
3.3738702550713,-0.02301648160504331,-0.010303753958495294,-0.015487433192612036,-0.015810777700570173,0.05789243025668253,0.10163801719399303,0.08610621484107496,-0.05630681521714515
3.7487447278569994,-0.025113878456570156,-0.011756334560152886,-0.017139555869735392,-0.017416921230664788,0.056237220131740026,0.10002536582685347,0.0824311756858094,-0.05210700296291125
4.1236192006426995,-0.02691934338817666,-0.013300493218592389,-0.018758636553146652,-0.018817933400542757,0.0551131777270166,0.09817149598275617,0.07834616727112687,-0.04773425090703227
4.498493673428399,-0.028284728213941526,-0.014697749411240496,-0.020161378400404238,-0.020121135363940272,0.054207801337210024,0.09622949949573517,0.07399615908908039,-0.04295533041396299
4.8733681462141,-0.03001761315846222,-0.016309454164505337,-0.021615414555701533,-0.02141596871950651,0.053011932610565846,0.09453106594624974,0.0699302843463764,-0.03800110203479973
5.248242618999799,-0.03170399651159311,-0.01764693356391927,-0.022925791864098252,-0.022724345744993553,0.051741667259558574,0.09279674281608927,0.06594236891438045,-0.0331644522735672
5.6231170917855,-0.03308536963267047,-0.018971852096779502,-0.02410611397972216,-0.023722976962906678,0.049994196826143235,0.09047409103766446,0.06190516287924942,-0.028471682424797914
5.997991564571199,-0.03442116591247944,-0.02028365504982461,-0.02508691575403589,-0.02453172889744062,0.0485218437476197,0.08816817096223524,0.05722341570195384,-0.02296239536718629
6.372866037356899,-0.03547848706898464,-0.021399161795960284,-0.02589874795451077,-0.025396221328184667,0.047653579375113955,0.08604848063185565,0.0528133426117711,-0.018065792455433688
6.7477405101426,-0.03638329352917356,-0.02240815118141708,-0.026710729388872277,-0.026047862301612885,0.0461251615360526,0.08352028224806089,0.0479187650656152,-0.01293378987474577
7.122614982928299,-0.03707060221387296,-0.023459861410884575,-0.027346416933369238,-0.026458783024514845,0.04501198083886697,0.08095819584423791,0.04354756788879765,-0.007683837101318211
7.497489455713999,-0.037650307697734114,-0.024248781020582512,-0.027868701446624563,-0.026920050533904595,0.043945714328282905,0.0786644888411823,0.0394967812126321,-0.002712387857828778
7.872363928499699,-0.03811460760026849,-0.025125646592695214,-0.028324274045772747,-0.02714919156269049,0.04265999197445526,0.07635587032147685,0.035621812484537836,0.002276950597142926
8.247238401285399,-0.03865642083652775,-0.02591190271374806,-0.02876208804075925,-0.02725980628820232,0.04131285230750062,0.07422362272051043,0.032536273122439154,0.007515347521677288
8.6221128740711,-0.039179890314125214,-0.0266681937498663,-0.029079348701005144,-0.027239653179820602,0.039848959064767306,0.07203358921811161,0.02913232089104851,0.012962309017905628
8.996987346856798,-0.039572519036665775,-0.02721759221928631,-0.02931821886831042,-0.027139622403786885,0.038831505603834346,0.06983735118223752,0.02590076843485952,0.017898774421482456
9.371861819642499,-0.03967014552778522,-0.027668083269222807,-0.029566199054484384,-0.027087442585041494,0.037445372827568046,0.06751009865176735,0.02233455419229605,0.02269681608786205
9.7467362924282,-0.0399234597501817,-0.028092788928659417,-0.029737514462978815,-0.027046023024311625,0.03609471391812298,0.06508889886216927,0.018928120471060524,0.02793424003996843
10.1216107652139,-0.03950214096149325,-0.02858259519513602,-0.029844545363532708,-0.026846509505468307,0.03485306645125037,0.06268036254772394,0.015619728954136651,0.03302839091443216
10.496485237999599,-0.03934519670321708,-0.02902027066774259,-0.029794934956658147,-0.026400300140034492,0.033912291108425925,0.06004997953411081,0.012933942619382199,0.037616220246804076
10.871359710785299,-0.03916092294651581,-0.02925209574719683,-0.029652953985411065,-0.025867405767559012,0.03268175222018634,0.05761877948808085,0.010477994136652829,0.04227347765099239
11.246234183571,-0.03869718080643089,-0.029308000466530596,-0.029257765345641177,-0.02529229437678331,0.03185418791849175,0.055486643215653934,0.007580962228290832,0.046892720651931764
11.621108656356698,-0.03848755424307754,-0.029294937436667747,-0.028676957460010886,-0.024542941606758496,0.030594874115507546,0.052924176605426074,0.005214977528403188,0.051584231278073926
11.995983129142399,-0.03802202581214505,-0.02911285600566054,-0.02799620032447154,-0.0236912586660825,0.02990777800116928,0.05054367740405013,0.0031905254071811382,0.056390480309829905
12.3708576019281,-0.03741784216055925,-0.028752119830659017,-0.027343417405648728,-0.022874869392198627,0.029063115102393233,0.04818518554522102,0.0005695583330036851,0.06064521676663713
12.745732074713798,-0.03715910592380758,-0.028506853129277775,-0.026551793973587583,-0.022132220100299135,0.027729015946315404,0.04582891802130975,-0.002132754611356866,0.06481767799054217
13.120606547499499,-0.036391688400994694,-0.02812148594085026,-0.025759896187370512,-0.02133870437389184,0.027016104376180256,0.04349132065567617,-0.00473539209129959,0.06902398954413115
13.4954810202852,-0.035761651218721095,-0.02761459211156888,-0.024984872480720847,-0.020539239452362797,0.02611017855870426,0.04071994613618448,-0.006408744036508558,0.07287288756883269
13.870355493070898,-0.03496381894393742,-0.027167888863884826,-0.024256427758481882,-0.01952411023121995,0.025423473472766456,0.03784062906117276,-0.008069237614130888,0.07575658813817711
14.245229965856598,-0.03455092158031402,-0.026690369666145287,-0.023433731632181997,-0.01881589266803702,0.024163142257637216,0.035137355346823294,-0.01011126058044828,0.0782256486882906
14.620104438642299,-0.034080288444984584,-0.026044121312868915,-0.022622668420420846,-0.018039114335266015,0.023018524548464016,0.032336528660659614,-0.011580352499935612,0.08057628098207703
14.994978911427998,-0.03353586576037234,-0.025364199895444348,-0.021853371359870918,-0.01717377944939639,0.022013460941023615,0.029482189776239287,-0.0129476620581848,0.08262971995680889
15.369853384213698,-0.03280876304979856,-0.024768636032799756,-0.02115102495293787,-0.016451443669452497,0.021033143196759543,0.025890047244582097,-0.014491590859457044,0.08459009065198954
15.744727856999399,-0.03201379672609475,-0.02415161046602767,-0.020215584451562303,-0.01561855422249408,0.019969749907271815,0.022091070685661667,-0.01594536329479351,0.08532344930614405
16.1196023297851,-0.031065044007248063,-0.02345909055685935,-0.019428981817673524,-0.014751943371725015,0.018975227685301705,0.01807912182576714,-0.016990066620296465,0.08542605464960606
16.494476802570798,-0.03031763564851596,-0.02264612109720802,-0.018581412767771845,-0.013953724117402028,0.017175039390472317,0.014507949885731002,-0.018239711277812803,0.08455360218016264
16.869351275356497,-0.029399836022738417,-0.021856142635376885,-0.017850999697285617,-0.013236447674673926,0.015339438422780613,0.010915131070308724,-0.019142988797857738,0.08299730373950175
17.2442257481422,-0.028528493567763786,-0.02089567117185845,-0.017038008564768014,-0.012564289392279517,0.01332741392432004,0.007490033504536056,-0.019963341560774735,0.08086658341685148
17.619100220927898,-0.02769716556269884,-0.02018756152742535,-0.01635810152453292,-0.011979585559868777,0.011414695913683508,0.0040628663680642935,-0.021207723613117565,0.07820917075488855
17.993974693713596,-0.026652457326008874,-0.019342631710207562,-0.01571683746621841,-0.01156585484612892,0.009922244934934942,0.0008512593796456774,-0.02175357702706429,0.0748919504214201
18.3688491664993,-0.025796237586332232,-0.018574061454068418,-0.015154116772844273,-0.011089593694515253,0.008638386564495417,-0.0024947157037065832,-0.022556696056681765,0.07137163738118472
18.743723639284998,-0.02440087898117865,-0.017876870732421668,-0.014520831255455278,-0.010659790484221412,0.006937059569903768,-0.005503041071455362,-0.023976979683107802,0.06739555853638321
19.1185981120707,-0.023422085144738668,-0.017096466368259122,-0.013898519011217345,-0.010146042634963985,0.004560665915130787,-0.008295626580430614,-0.02470354656707862,0.06340646087403062
19.4934725848564,-0.022582358350118337,-0.01627289763803698,-0.01329340881081275,-0.009708584066626315,0.0024455215925055706,-0.010996566550974144,-0.025501815195008465,0.059358960696859045
19.868347057642097,-0.021351196499780123,-0.015350867209528107,-0.012639379097568746,-0.009236841596153582,0.0005321630268439008,-0.013762742981662199,-0.026331474910475446,0.054701381187831084
20.2432215304278,-0.020300493952852494,-0.014759819407782593,-0.012049414585781322,-0.00894986528103241,-0.0009603505241792898,-0.016605877234208512,-0.027310271309840324,0.05018511332633761
20.6180960032135,-0.019153184394775022,-0.014229664394277825,-0.011401099212386556,-0.008632770122896392,-0.00242001249477278,-0.019218003875704687,-0.02791689209197237,0.04571726044292231
20.992970475999197,-0.017969457903205706,-0.013474608952680878,-0.010753070954609208,-0.008279378315362318,-0.0041465184482207765,-0.021342391619039378,-0.028894421997719126,0.040876641591993335
21.3678449487849,-0.016661770101798232,-0.012879340431477048,-0.010236822344217321,-0.008145824236165897,-0.005325693216386448,-0.023854879468539675,-0.029752269588153107,0.03646630543197623
21.742719421570598,-0.015645545754411502,-0.0124182677045221,-0.009633708915260135,-0.00798117100180107,-0.0067465113336324205,-0.02614639756875276,-0.03011901070761502,0.03193204063070959
22.117593894356297,-0.015033853320544884,-0.011674559830413898,-0.009003320555764636,-0.007781288510034933,-0.008600517063123196,-0.028155859141777654,-0.03061459899527476,0.027141016956937047
22.492468367142,-0.014262462281259781,-0.010951066405387875,-0.008366742077647664,-0.007667343932381899,-0.010275376020313722,-0.03038014595217051,-0.03080487089040265,0.022534879862090938
22.867342839927698,-0.013461658911800812,-0.010296753989810057,-0.007762251784202661,-0.007620650647301261,-0.012327321515828639,-0.03224618270917206,-0.03192325690326188,0.017682050242101496
23.242217312713397,-0.012477847741721799,-0.009572262360960239,-0.007090530900082973,-0.007617280314203005,-0.01413838715156692,-0.034356495718995655,-0.03266937757114033,0.012957569863125386
23.6170917854991,-0.01141841249048484,-0.008847712615633174,-0.006385567490398375,-0.007611110836210381,-0.015484288081920651,-0.0364591610347672,-0.03309046046104949,0.008016545368916606
23.991966258284798,-0.010376828822045662,-0.008135793080278796,-0.005705771404983951,-0.007655134076874786,-0.016749571110737244,-0.038389366541800925,-0.033605648187330306,0.0035342097939155036
24.366840731070496,-0.009298686158720024,-0.007538803862524231,-0.004940964519939094,-0.007813715190104842,-0.018364105570630014,-0.040254842319812564,-0.03438749212942917,-0.0009578020684677525
24.7417152038562,-0.008255388465040672,-0.0069155902956965975,-0.004033240932637639,-0.007768483580037553,-0.019418225347196002,-0.042125117598188266,-0.034637399267010996,-0.0057348097772218064
25.116589676641897,-0.007493217964761606,-0.006196554853839243,-0.003168669601238773,-0.007830102789890409,-0.020697625049507146,-0.044230740408382534,-0.03505734450747768,-0.01073925091250481
25.491464149427596,-0.006545321636448795,-0.005549722186243305,-0.002351273261141395,-0.00805190753103575,-0.02212133068992915,-0.046016845546896196,-0.03558838818458379,-0.015336561644532827
25.8663386222133,-0.005702580211898304,-0.004937615830233041,-0.0014877256050215082,-0.008107427357742239,-0.023152366430275975,-0.04806010758766954,-0.0360360898118216,-0.0201708199047732
26.241213094998997,-0.00489256215940395,-0.004351029532643933,-0.000730387170528808,-0.008127215021508646,-0.024269476918261722,-0.050105929655840376,-0.03651162016705351,-0.02456952568703115
26.616087567784696,-0.003773799291637312,-0.0036706230734725983,5.9895508523206964e-05,-0.008083800467904176,-0.0255567393282819,-0.05205202544974312,-0.03688007005965581,-0.029042819919011496
26.9909620405704,-0.002988838491894688,-0.0031171467818170715,0.0009226573175297884,-0.00794005962936745,-0.026706219812520346,-0.05403857352049718,-0.037794181170105134,-0.03336091962080669
27.365836513356097,-0.0019666627910054817,-0.002604650036736659,0.001817358922400163,-0.007723872875452795,-0.027556964805437838,-0.05590954603466351,-0.03769622609169052,-0.03757148235393255
27.740710986141796,-0.0012209748611230259,-0.002043153794817146,0.0026584697034568137,-0.007472812543359335,-0.028360105569761686,-0.05781919136645593,-0.03815275594056703,-0.04167901641698688
28.115585458927498,-0.0006700612351493596,-0.0014737507470828429,0.0035579407130799617,-0.007001141133928372,-0.029412992298360863,-0.05932230453733895,-0.037901400023567886,-0.04554474626298951
28.490459931713197,-1.7649437134831594e-05,-0.001164034284479848,0.004480694034028767,-0.006677058167319816,-0.030385276591162802,-0.06054778622144217,-0.038331368714004194,-0.04881511126573355
28.865334404498896,0.0002983673565341337,-0.0006822983578749784,0.005361389552908318,-0.0063471593161701445,-0.031490539356137215,-0.0616729654661273,-0.03859299815292852,-0.05153321587061829
29.240208877284598,0.0009993038458580997,-0.00019116950905284473,0.006211157061491583,-0.005651442548115516,-0.032365160266549675,-0.06274233676610157,-0.038242964481221504,-0.05372450713310135
29.615083350070297,0.0019283962036155673,0.00027401442256545696,0.007205756129246055,-0.005000961887782774,-0.032775523633171946,-0.06344084401068663,-0.038596788261664905,-0.05575387814944108
29.989957822855995,0.002480667693833838,0.0008141897353597907,0.008124790527662918,-0.004391243670675303,-0.033645738887628895,-0.06420812081452507,-0.038761017982262516,-0.05730253268628882
30.364832295641698,0.0029428521279411023,0.0012999390171644486,0.009117004140879246,-0.003588925826491468,-0.03419852882768664,-0.06501508919757407,-0.039057399885687,-0.058508260910673134
30.739706768427396,0.003429027087014985,0.0018591673282596381,0.009922748878997002,-0.002806336784989386,-0.035233992052111106,-0.0657506754113128,-0.03912505988994561,-0.05962493500777168
31.1145812412131,0.0037235120192450834,0.0025628700787004065,0.010722794861807402,-0.0019391953980225827,-0.03617345255023272,-0.06660494221674108,-0.0390681546643215,-0.06086270262505449
31.489455713998797,0.004181425903346845,0.0030459956827632835,0.011513815577625274,-0.0011066755476130522,-0.03687396692421479,-0.06739121465529108,-0.03915995919878458,-0.06173723848860167
31.864330186784496,0.004356889144277735,0.0035450023003807864,0.012349449693798191,-0.0003926209825096639,-0.036915783607081136,-0.0681125955770411,-0.03949832920960602,-0.06245989503859057
32.2392046595702,0.004503155503765628,0.0038192146267291348,0.01306121256163953,0.00047468108870859236,-0.03709340577849991,-0.06908871145896021,-0.039527558751444127,-0.0630604083304969
32.6140791323559,0.005129344179271085,0.0043623824104760765,0.01373994365100425,0.0013987497571623453,-0.03688572605025363,-0.06989391087810778,-0.038717863595657466,-0.06348385267306966
32.988953605141596,0.005721512190059511,0.004886628391557105,0.014469239365628125,0.002348472566148169,-0.037619145544182386,-0.07079110625483964,-0.03870505484703896,-0.0639395399583019
33.363828077927295,0.0061315191208982465,0.005512411488822826,0.015110439719373094,0.003167292662774173,-0.03817354134091506,-0.0714584548644924,-0.03903757610355811,-0.06427986370941441
33.73870255071299,0.006318342783609271,0.005991500149620618,0.01564610836859144,0.004028615344182926,-0.03849971744257066,-0.07201456738868324,-0.03837271772947623,-0.0640579118603915
34.1135770234987,0.00690680594892241,0.0063389412987647645,0.016065245873786542,0.004557833977220401,-0.0381013394802116,-0.07242868155276136,-0.03811361775956166,-0.06387446262486905
34.4884514962844,0.007350488619936051,0.006552077168406768,0.016351729639763817,0.005070162043493387,-0.038233471864898914,-0.07299204025676885,-0.037865925796053496,-0.06324917500381468
34.8633259690701,0.007832748224704571,0.006789426441122474,0.01645847753189503,0.005644594761658137,-0.03845646071535317,-0.07336292275492462,-0.03753965352688177,-0.06242587764556862
35.238200441855795,0.008500168399688476,0.007196403338392794,0.01652860536887136,0.006220445060186452,-0.03896195331974207,-0.07399357752586873,-0.03734708189105845,-0.06114536748272155
35.613074914641494,0.009188615233120444,0.007545784241870707,0.01645812770127555,0.006833048373226477,-0.03908544052429078,-0.07438343501575373,-0.03731125142484493,-0.059644912800842886
35.98794938742719,0.009656623797711691,0.007933501964788876,0.01630366887079995,0.007131461903806956,-0.03916042258063591,-0.07495739738171889,-0.03679118003507577,-0.05802851030214915
36.3628238602129,0.010134747796683755,0.008155179059825587,0.016124618939148815,0.007741783231853538,-0.04002935276631414,-0.07511701875794406,-0.0363757512192848,-0.05602155599281484
36.7376983329986,0.010587499608171855,0.008657808904160307,0.015868997626515426,0.008293591870606493,-0.04031578884724483,-0.07531631639124796,-0.03642190835544481,-0.053944246986488475
37.112572805784296,0.011557561438138679,0.008854716066410539,0.015589102324662958,0.008788583091266707,-0.040341237976766406,-0.07556316141075128,-0.03699730925892039,-0.05150282324223611
37.487447278569995,0.012316434484355859,0.008766560422871404,0.015142439139763715,0.009383034050442376,-0.04067993731091343,-0.07548960801978605,-0.03737338733530992,-0.04926370089420681
37.862321751355694,0.012943955718513197,0.008883640796282129,0.014727913473615673,0.0098834663247382,-0.040679856229550865,-0.07586207810994915,-0.03717396335619144,-0.046617729819020653
38.2371962241414,0.013768901651936049,0.00884548001496305,0.014258763523007902,0.010382025169305087,-0.04067019341684231,-0.07571574446985496,-0.037190677129777916,-0.04425581033459019
38.6120706969271,0.014438122971388393,0.008754331837156187,0.013774737134624807,0.010936231248438032,-0.04104436788145395,-0.07558686398887027,-0.037245142006754425,-0.04173672145036185
38.9869451697128,0.014931674225928573,0.00861889083182694,0.013259503956015547,0.01149468987134996,-0.041627328933874816,-0.07549070970112298,-0.03744645367245426,-0.03875233302628188
39.361819642498496,0.015310172707929448,0.008579890628705119,0.012761105668718686,0.0119441945280612,-0.04212185381075832,-0.07512908040940117,-0.03738990545678426,-0.035935319896368514
39.736694115284195,0.015809823790421333,0.008292056904754099,0.012212136052569562,0.01233297162574332,-0.042676221331453525,-0.07490570641258083,-0.03757552944339649,-0.033160810117719285
40.11156858806989,0.016349064378569783,0.008183516970154061,0.011703232041256166,0.012735558952441748,-0.043152104124399446,-0.07448023331798642,-0.037752670271406,-0.02979902283765386
40.4864430608556,0.016986043866170517,0.00810461294043046,0.011173284362618986,0.013219234498241292,-0.04306072215844626,-0.07421897467495037,-0.03741876234584463,-0.02631574466045876
40.8613175336413,0.017798618770467175,0.007808184003173629,0.010618541730512604,0.013689963861847187,-0.043267312592665724,-0.07373321899034556,-0.0379269440944298,-0.022597597468629677
41.236192006427,0.01851643932733971,0.007575538962582787,0.010119234141443273,0.014024178848781679,-0.04322837288342092,-0.07334248153913356,-0.03809228011053965,-0.019443438448870455
41.611066479212695,0.019180053863927682,0.007204674827340031,0.009573041902141794,0.014251629315860537,-0.04306531999231232,-0.07249454070722723,-0.038243557799617967,-0.015905455134611026
41.985940951998394,0.020389363750723997,0.006948112033073413,0.008957343288813603,0.014291933509407693,-0.04366915157319312,-0.07182875489345633,-0.03772655345785164,-0.012663101685534039
42.36081542478409,0.021238602841876248,0.00680757769189105,0.008347244832382009,0.014383241789189233,-0.04413274212882269,-0.07102915938979079,-0.037963258448757246,-0.008979854763045662
42.7356898975698,0.022518632058477685,0.0067152204386918875,0.007742713732440824,0.014406786727934166,-0.04475758051743742,-0.07040567198757312,-0.03808444090874516,-0.005277991272708378
43.1105643703555,0.023622344467438883,0.006427295611119628,0.0070765390722706606,0.014229655297800889,-0.04475818379667956,-0.06993008375210241,-0.038804128419016225,-0.0016912874329202423
43.485438843141196,0.02473875854650162,0.0064222365789163805,0.00649692888058968,0.014030871999422373,-0.044844165753928036,-0.06913369790622625,-0.038725954292841834,0.0019599793222081167
43.860313315926895,0.026744011048680964,0.006212639000353265,0.00609822872903383,0.013845166774761341,-0.0448535825261939,-0.06821468333587342,-0.03897745472169087,0.005778575391924008
44.235187788712594,0.028632252710762883,0.00613179750829647,0.00566697664603381,0.013592102250194645,-0.04474045213289102,-0.06747956163779537,-0.03948812192052702,0.00954709191603461
44.61006226149829,0.030317529963195297,0.0059576743157177875,0.005217662651247287,0.01342898296004051,-0.044755262807259805,-0.06690210460579674,-0.0396696564070435,0.013458419150255734
44.984936734284,0.0322437124081248,0.0057441984388361565,0.005015680549390633,0.013432632991584079,-0.044209443194402176,-0.06530315758472224,-0.039720234581767835,0.017192339920900523
45.3598112070697,0.033885483243623324,0.0057538735589639945,0.00477972699542225,0.01326456602499362,-0.043898927398799664,-0.06325293335804037,-0.039490334887109665,0.020224687980989836
45.734685679855396,0.03498654874144624,0.005691465722929071,0.00464190371876047,0.013124617143735817,-0.042622371348573364,-0.06078551347885137,-0.03899289707710754,0.022838608283216336
46.109560152641095,0.03658491732866313,0.005672805698843925,0.004604954429100057,0.012858072375524023,-0.04108335511465527,-0.0578232788083812,-0.037763178752462025,0.025302727620014016
46.48443462542679,0.037751701599151706,0.005745055837107537,0.004575590736557302,0.012735240645923412,-0.03891853446381379,-0.05467115895919869,-0.0346939970190428,0.02697500506359784
46.85930909821249,0.038707591700368624,0.005925297892862869,0.00462777771005294,0.012868840374356188,-0.03680287646940452,-0.05123069514066227,-0.031222372698483034,0.02825197162557521
47.2341835709982,0.039319939565537226,0.006027640728595594,0.004808620129550701,0.012960417630152774,-0.03444447472495595,-0.04688005108210356,-0.027550989677292734,0.028959727541081642
47.6090580437839,0.03990424243122354,0.006079033181410744,0.005031944463876307,0.013061795621322113,-0.03216565637207521,-0.042335687740025524,-0.024461888210755088,0.0297130449708867
47.983932516569595,0.04018055819423047,0.006122108234363075,0.005253504739827518,0.013136488037382125,-0.028778884291024737,-0.037675407599061725,-0.020596393110562435,0.03009802168436288
48.358806989355294,0.04069732284399624,0.00610075333148785,0.0054790972062557265,0.013335962386316496,-0.025681407616621077,-0.03260024224334453,-0.016207306096391223,0.030388347977641582
48.73368146214099,0.04106814008254334,0.0062129917565267815,0.005783584590520872,0.013601983839496063,-0.02226191606458219,-0.027523296703874232,-0.011798947623368958,0.029986962662953847
49.1085559349267,0.04117999433747749,0.006429065430562482,0.006174680785136066,0.013865721512252085,-0.019486699117371133,-0.022537978893480984,-0.00734622148648351,0.02938634523082246
49.4834304077124,0.041218538391312065,0.006560112577219183,0.006520466815291615,0.014083377603754811,-0.016527975565939206,-0.01749214541076028,-0.0023994366284154143,0.0281201357693023
49.858304880498096,0.04096322313728365,0.006927312237858026,0.007034101111548539,0.01429011791994061,-0.01347067595771053,-0.012722459307308882,0.0020504402421412113,0.027095937470082015
50.233179353283795,0.04078001355988286,0.0070539099619265026,0.007519501684580496,0.014665474483341913,-0.010469632551398331,-0.007673317984108041,0.006814774078060253,0.02550990630008143
50.608053826069494,0.04014409939871025,0.007327044228962749,0.0079600923146469,0.014680810960904546,-0.00748168423970938,-0.0026602866052452784,0.011370603601396523,0.023897001730408585
50.98292829885519,0.039707462538527215,0.007323104765272463,0.008330923004388343,0.014788990130846483,-0.004528105809350832,0.0022024990863306346,0.016677396905234593,0.021647651069154176
51.3578027716409,0.03888345753339238,0.007473724143627174,0.008727142889502552,0.014919576702761771,-0.001846688936937806,0.006802085487377181,0.021503240948556906,0.019292962780882113
51.7326772444266,0.03811954670772699,0.007435752080929083,0.009133388541256454,0.014824350864499479,0.0011831031206016077,0.01175692093782893,0.02667477055607343,0.016849260911543165
52.107551717212296,0.03711571657575509,0.007417710887644245,0.009372595395246734,0.01460739629373544,0.003898082621056239,0.016347879003273155,0.03214957143108722,0.014037471918313959
52.482426189997994,0.03594675387406535,0.0074982382506117,0.00966135198473113,0.01433527018572126,0.006695097058911587,0.020649429850964348,0.03671782763931136,0.011607244381151845
52.85730066278369,0.03486220789619976,0.007497117306440762,0.00989397769507173,0.013986184824635466,0.009636793974577703,0.024920953523478062,0.04152229775374272,0.008898336688148309
53.23217513556939,0.033436848471419735,0.007490738007069338,0.010072441180809927,0.013603233893154733,0.012829261600262779,0.028745407034159166,0.04535243084399365,0.00621493135849132
53.6070496083551,0.03204305187644502,0.007529286886710859,0.010100965054991648,0.013010028048377672,0.015745909352280114,0.032669854652653235,0.049164756852248526,0.003326961700079775
53.9819240811408,0.030752391297149986,0.0074218255404557565,0.010119029377839721,0.01241723027451603,0.01829798048252659,0.03643994977597019,0.05300414861118709,-3.864099501500826e-05
54.356798553926495,0.02915731739082294,0.007275015891901139,0.010029973349802221,0.012037141562865174,0.02147368732158332,0.04011815138491997,0.05722897941851722,-0.0030783865350864385
54.731673026712194,0.027596151178333285,0.0073065265970767386,0.009775816261657466,0.011552273198476674,0.024231148584125867,0.04389447552208718,0.061098905586645796,-0.0061506246437341315
55.10654749949789,0.02578435561302472,0.00707658481913191,0.009450836252929494,0.010993334514820612,0.02691641960988406,0.04775170457461979,0.06501726619136101,-0.009508244287057583
55.48142197228359,0.023889781854435913,0.006864225549020903,0.009006395843915518,0.01019774575128546,0.02902695691596422,0.05152973589099273,0.06773566769671283,-0.012896473559894091
55.8562964450693,0.021790923815582477,0.0066741363705326955,0.008439661341863202,0.009293940682781525,0.031330972509825514,0.055155044053104604,0.0711587001110349,-0.016397878436910075
56.231170917854996,0.019507998131860764,0.00628741508257002,0.007694674053909186,0.008347166008431915,0.033002203261389446,0.05864198492840468,0.07459482540997031,-0.019874244116867112
56.606045390640695,0.01739901850802916,0.005866870971847552,0.006808424079826192,0.007306760466859309,0.035173697424373415,0.061919914656050734,0.07733585899797557,-0.023519216284861
56.980919863426394,0.014725051195800108,0.005328547057664876,0.00581802718360214,0.00622834945586232,0.03740952152155642,0.06521593243671175,0.07980258476301834,-0.027118296124114375
57.35579433621209,0.012126731429504814,0.004573182344809202,0.004866937462505286,0.004998926223018848,0.03942931509458912,0.06832651684448872,0.0826601431779764,-0.030862469246536708
57.73066880899779,0.009677669762219272,0.003774919620438533,0.0038348944372912724,0.003937920631224218,0.04189357797464076,0.07160831826570496,0.0859086591884928,-0.0346020489703157
58.1055432817835,0.007211373569247914,0.0031342335940007116,0.002801616683821386,0.002976733641201085,0.043510377802098384,0.07458385753569918,0.08893007351678926,-0.0384817948716322
58.480417754569196,0.004753135717898222,0.0023148840191706153,0.0016677402154318083,0.0019179892194441548,0.04532784075785801,0.07752038489755493,0.09083740381459438,-0.0426189354207269
58.855292227354894,0.0014944037927318195,0.001597727115476258,0.0004471219150647553,0.0007502043650625743,0.0470512279323766,0.0801982608894423,0.093103724692188,-0.046659844934157
59.23016670014059,-0.0016540515086771405,0.0006684592697509904,-0.0008386434835883525,-0.0003643168096323765,0.04888187155050611,0.08291709562411932,0.09520730361974504,-0.05064220679032534
59.60504117292629,-0.004812127072564519,-0.00021478346988323418,-0.0022106832986151953,-0.001667142036250045,0.05047798701054044,0.08544837660901225,0.09725255003929567,-0.05469376796463094
